synset_id,"synset_word",anto_quality_id,"anto_quality_word"
22,"अप्रवीण",29,"प्रवीण"
21,"अनुभवहीन",100,"अनुभवी"
23,"अयोग्य",30,"योग्य"
24,"असभ्य",31,"सभ्य"
25,"नौसिखिया",3013,"अभ्यस्त"
26,"फूहड़",6716,"सुघड़"
27,"मूर्ख",1795,"ज्ञानी"
36,"असहाय",41,"ससहाय"
38,"साधनहीन",43,"साधन संपन्न"
100,"अनुभवी",21,"अनुभवहीन"
113,"आसक्त",2249,"अनासक्त"
157,"भिन्न कोटीय",192,"समकोटीय"
164,"मौलिक",140,"अमौलिक"
164,"स्वकृत",140,"अनुकृत"
168,"स्वदेशी",7863,"विदेशी"
169,"स्वपक्षीय",199,"विपक्षीय"
1946,"लिपिबद्ध",1944,"अलिपिबद्ध"
1948,"हस्ताक्षरित",365,"अहस्ताक्षरित"
1996,"अप्रधान",2000,"प्रधान"
1998,"अंगी",529,"निर्जीव"
1999,"अंगी",536,"खलनायक"
2000,"प्रधान",1996,"अप्रधान"
2001,"शरीरी",2252,"अशरीरी"
2001,"सशरीरी",2252,"अशरीरी"
2002,"साकार",1989,"निराकार"
2002,"मूर्तिमान",1989,"अमूर्त"
2039,"असंगत",2923,"संगत"
2040,"क्रमहीन",2562,"क्रमबद्ध"
2112,"असमक्ष",11374,"समक्ष"
2113,"आच्छादित",893,"अनाच्छादित"
2136,"अनश्वर",935,"नश्वर"
2137,"असमाप्य",936,"समाप्य"
2138,"असीम",938,"ससीम"
2141,"वैज्ञानिक",2149,"अवैज्ञानिक"
2150,"भावपूर्ण",21668,"भावहीन"
2150,"मार्मिक",21668,"अमार्मिक"
2150,"भावनात्मक",21668,"अभावनात्मक"
2150,"भावनापूर्ण",21668,"भावनाहीन"
2150,"भावात्मक",21668,"अभावात्मक"
2151,"मानसिक",9166,"शारीरिक"
2160,"अंधा",983,"दृष्टिवान"
2174,"अँधेरा",1013,"प्रसन्नता"
2175,"अंधकारपूर्ण",1667,"प्रकाशपूर्ण"
2212,"अवरोधहीन",1087,"अवरोधपूर्ण"
2213,"कंटकहीन",1088,"कंटकयुक्त"
2214,"शत्रुहीन",716,"शत्रुपूर्ण"
2214,"शत्रुविहीन",716,"सशत्रु"
2219,"अकथनीय",1095,"कथनीय"
2219,"अकथ्य",1095,"कथ्य"
2219,"अव्यक्तव्य",1095,"व्यक्तव्य"
2219,"अवाच्य",1095,"वाच्य"
2220,"अवर्णनीय",1096,"वर्णनीय"
2224,"इंद्रियहीन",1607,"इंद्रिययुक्त"
2225,"अकरण",915,"साकार ईश्वर"
2231,"आलसी",4147,"परिश्रमी"
2231,"सुस्त",4147,"मेहनती"
2232,"प्रारब्धवादी",4146,"कर्तृत्ववादी"
2233,"स्फूर्तिहीन",4832,"स्फूर्तिपूर्ण"
2235,"परिपूर्ण",1113,"अपरिपूर्ण"
2238,"अकल्याण",2889,"कल्याण"
2243,"अकांड",1120,"अकारणवश"
2244,"अकांड",1121,"प्रयोजनतः"
2247,"अखंडनीय",1608,"खंडनीय"
2253,"अनुपयोगी",2451,"उपयोगी"
2255,"लाभहीन",1130,"लाभप्रद"
2258,"अकाल",1133,"सुदिन"
2259,"अकाल",1135,"सुलभता"
2260,"अकाल",1136,"अतिवृष्टि"
2262,"अख्यात",3464,"ख्यात"
2264,"नगण्य",2356,"अग्रगण्य"
2265,"निर्धन",1140,"धनी"
2265,"ग़रीब",1140,"अमीर"
2265,"असमृद्ध",1140,"समृद्ध"
2265,"असंपन्न",1140,"सम्पन्न्"
2265,"विपन्न",1140,"सम्पन्न्"
2271,"अकुलीन",10740,"कुलीन"
2272,"असभ्य",31,"सभ्य"
2272,"अशिष्ट",31,"शिष्ट"
2272,"बदतमीज़",31,"तमीज़दार"
2273,"निम्न वर्णीय",3751,"उच्च वर्णीय"
2279,"दुर्भाग्यशाली",1156,"सौभाग्यशाली"
2280,"असंख्य",1139,"गणनीय"
2286,"अनलंकृत",1163,"अलंकृत"
2287,"छद्महीन",1515,"छद्मपूर्ण"
2288,"स्वाभाविक",1164,"अस्वाभाविक"
2289,"अंतर्मुखी",1165,"बहिर्मुखी"
2289,"अंतराभिमुखी",1165,"बहिरभिमुखी"
2293,"निर्जन",1291,"आबाद"
2294,"परिवारहीन",10741,"परिवारयुक्त"
2295,"मित्रहीन",1171,"मित्रवान्"
2298,"कलहप्रिय",8056,"शांतिप्रिय"
2298,"झगड़ालू",8056,"शांतिप्रिय"
2298,"खुराफ़ाती",8056,"अमनपसंद"
2312,"अनाहत",1189,"आहत"
2312,"अक्षत",1189,"क्षत"
2313,"अभंजित",4588,"भंजित"
2313,"अखंडित",4588,"खंडित"
2316,"अपरिवर्तनशील",1193,"परिवर्तनशील"
2334,"अनाहार्य",1228,"आहार्य"
2334,"अखाद्य",1228,"खाद्य"
2334,"अभोज्य",1228,"भोज्य"
2334,"अभक्ष्य",1228,"भक्ष्य"
2334,"अग्राह्य",1228,"ग्राह्य"
2335,"अशौच",1229,"शौच"
2339,"अप्रतिष्ठित",2356,"प्रतिष्ठित"
2345,"अगति",1246,"स्विकल्पता"
2346,"अगति",1244,"गतिशीलता"
2347,"अगम्य",1247,"गम्य"
2348,"अप्रवेश्य",1248,"प्रवेश्य"
2351,"अज्ञेय",1254,"ज्ञेय"
2352,"अनुपलब्ध",1255,"उपलब्ध"
2353,"अपारगम्य",10799,"पारगम्य"
2356,"प्रतिष्ठित",2339,"अप्रतिष्ठित"
2358,"अग्र",1259,"पश्च"
2360,"उत्तम",2698,"नीच"
2366,"पुरोगामी",1266,"पश्चगामी"
2378,"अगुप्त",2493,"गुप्त"
2379,"रहस्यहीन",2609,"रहस्यपूर्ण"
2409,"उन्नतिशील",766,"अवनतिशील"
2411,"अविश्वसनीय",248,"विश्वसनीय"
2411,"अविश्वस्त",248,"विश्वस्त"
2411,"अविश्वासी",248,"विश्वासी"
2412,"तर्कहीन",3331,"तर्कपूर्ण"
2415,"असघन",1328,"सघन"
2417,"पापी",1329,"पुण्य कर्ता"
2419,"मलिन",1914,"निर्मल"
2419,"अनिर्मल",1914,"निर्मल"
2419,"अविमल",1914,"विमल"
2419,"अपवित्र",1914,"पवित्र"
2419,"अशुद्ध",1914,"शुद्ध"
2419,"अस्वच्छ",1914,"स्वच्छ"
2419,"मैला",1914,"साफ"
2424,"अप्रबल",2663,"प्रबल"
2425,"कुंठित",9031,"तीक्ष्ण"
2434,"अनिच्छित",1348,"इच्छित"
2435,"निश्चिंत",1349,"चिंतित"
2436,"अविचारणीय",1350,"विचारणीय"
2437,"अविचारित",1351,"विचारित"
2438,"उपेक्षित",1352,"अनुपेक्षित"
2439,"निरुद्विग्न",1353,"उद्विग्न"
2444,"लक्ष्यानुगामी",3198,"लक्ष्य विमुख"
1470,"सुलझा",2538,"उलझा"
2450,"उन्नत",1363,"अवनत"
2451,"उपयोगी",2253,"अनुपयोगी"
2452,"कलापूर्ण",2823,"कलाहीन"
2453,"कल्याणकारी",3180,"अकल्याणकारी"
2454,"गुणवत्तायुक्त",1366,"गुणवत्तारहित"
2455,"पसंद का",1367,"नापसंद"
2456,"प्रशंसनीय",1368,"निन्दनीय"
2457,"प्रिय",1369,"अप्रिय"
2458,"महान",2698,"अधम"
2460,"रोचक",1370,"अरोचक"
2475,"प्रविष्ट",3,"अप्रविष्ट"
2481,"अजय",1400,"जेय"
2482,"अजर्जर",1401,"जर्जर"
2484,"अजर",917,"दानव"
2489,"अज्ञात",1414,"ज्ञात"
2490,"अपरिचित",1415,"परिचित"
2492,"अमापित",7648,"मापित"
2493,"गुप्त",2378,"अगुप्त"
2494,"जिज्ञासाजनक",1417,"जिज्ञासाहीन"
2495,"संदिग्ध",1418,"असंदिग्ध"
2500,"विलक्षण",3468,"साधारण"
2503,"अम्लान",1426,"म्लान"
2515,"अवयस्क",2790,"वयस्क"
2515,"नाबालिग़",2790,"बालिग़"
2516,"अविवेकी",1444,"विवेकी"
2516,"नासमझ",1444,"समझदार"
2516,"विवेकहीन",1444,"विवेकवान"
2517,"अशिक्षित",1817,"शिक्षित"
2517,"अनपढ़",1817,"पढ़ा-लिखा"
2517,"निरक्षर",1817,"साक्षर"
2521,"अस्पष्ट",1450,"स्पष्ट"
2538,"उलझा",1470,"सुलझा"
2547,"गंभीर",1478,"सरल"
2547,"कठिन",1478,"आसान"
2550,"प्रारब्धाधीन",1482,"कर्तृत्व अधीन"
2560,"अभंजनशील",1511,"भंजनशील"
2560,"अभंजनीय",1511,"भंजनीय"
2562,"क्रमिक",2040,"अक्रमिक"
2562,"क्रमबद्ध",2040,"क्रमहीन"
2594,"चेतनायुक्त",2441,"चेतनाहीन"
2595,"जाग्रत",847,"निद्रित"
2596,"सावधान",2440,"असावधान"
2600,"तर्कातीत",1560,"तर्कगम्य"
2603,"महाकाय",2658,"लघुकाय"
2607,"अतिक्रमित",1568,"अनतिक्रमित"
2608,"दुर्बोध्य",2305,"बोध्य"
2609,"रहस्यपूर्ण",2379,"रहस्यहीन"
2618,"अपव्ययी",1573,"मितव्ययी"
2618,"फिजूलखर्ची",1573,"किफायती"
2618,"फ़िज़ूलख़र्ची",1573,"किफ़ायती"
2624,"अतीत",1589,"भविष्य काल"
2628,"अतीत",1595,"असाधु"
2629,"विलंबकारी",1596,"अविलंकारी"
2633,"अतृप्त",2416,"तृप्त"
2633,"असंतुष्ट",2416,"संतुष्ट"
2641,"निर्दय",2303,"दयालु"
2642,"हिंसक",1606,"अहिंसक"
2643,"असत्यापित",364,"सत्यापित"
2643,"अप्रमाणित",364,"प्रमाणित"
2651,"करमुक्त",1173,"करयुक्त"
2658,"लघुकाय",2603,"महाकाय"
2663,"प्रबल",2424,"अप्रबल"
2674,"न्याय विषयक",1650,"अन्याय विषयक"
2677,"अनियत",2549,"नियत"
2677,"अनिश्चित",2549,"निश्चित"
2677,"अनियमित",2549,"नियमित"
2679,"अदूरदर्शी",1656,"दूरदर्शी"
2679,"अल्पदर्शी",1656,"दीर्घदर्शी"
2680,"अदृश्यमान",2798,"दृश्यमान"
2680,"अदृश्य",2798,"दृश्य"
2680,"अदृष्टिगोचर",2798,"दृष्टिगोचर"
2681,"अनवलोकित",1657,"अवलोकित"
2681,"अदृष्ट",1657,"दृष्टिगत"
2682,"अस्तगत",3556,"उदित"
2682,"अस्त",3556,"उदित"
2682,"डूबा",3556,"उगा"
2685,"अदेय",1326,"देय"
2685,"अदाय",1326,"दाय"
2698,"अधम",2360,"उत्तम"
2699,"अधम",2407,"महापुरूष"
2700,"कामुक",2251,"कामहीन"
2700,"कामी",2251,"कामहीन"
2701,"दुर्जन",1672,"सज्जन"
2703,"लज्जाहीन",1674,"लज्जावान"
2703,"बेशरम",1674,"शरमीला"
2718,"धर्महीन",3422,"धर्मशील"
2718,"अधार्मिक",3422,"धार्मिक"
2721,"सुलभ",4005,"दुर्लभ"
2721,"सुप्राप्य",4005,"दुष्प्राप्य"
2721,"सहज प्राप्य",4005,"अप्राप्य"
2739,"अधिकारी",1718,"अपदस्ताधिकारी"
2740,"अधिकारी",1719,"अप्रधान व्यक्ति"
2741,"अधिकारी",2861,"अयोग्य"
2744,"सुपात्र",1725,"कुपात्र"
2745,"अधिकारी",16235,"अनधिकारी"
2748,"स्थिरचित्त",1729,"अस्थिरचित्त"
2748,"शांत",1729,"अशांत"
2748,"स्थिर",1729,"अस्थिर"
2748,"प्रशांत",1729,"अशांत"
2748,"अचंचल",1729,"चंचल"
2774,"उत्तरदायी",1763,"अनुत्तरदायी"
2780,"कायर",5542,"वीर"
2782,"धैर्यहीन",2421,"धैर्यशील"
2786,"अपुष्पित",1773,"पुष्पित"
2788,"असमाप्त",1775,"समाप्त"
2788,"अधूरा",1775,"पूरा"
2788,"अनिष्पादित",1775,"निष्पादित"
2788,"असंपादित",1775,"संपादित"
2788,"अपूर्ण",1775,"पूर्ण"
2816,"अकथित",1801,"कथित"
2816,"अव्यक्त",1801,"व्यक्त"
2821,"अनगढ",1805,"गढा"
2822,"अपरिष्कृत",1806,"परिष्कृत"
2822,"अमार्जित",1806,"परिमार्जित"
2822,"असंस्कृत",1806,"संस्कृत"
2823,"कलाहीन",2452,"कलापूर्ण"
2823,"अकलात्मक",2452,"कलात्मक"
2825,"अनमित",1809,"नमित"
2826,"अन्धिकार",1810,"अधिकारपूर्ण"
2827,"अन्धिकार",1811,"अइकारतः"
2828,"अन्धिकार",1813,"पाट्रता"
2829,"अनधिकारी",1814,"पाट्र"
2833,"अनपढ",1817,"साक्षर"
2835,"अनपेक्ष",1819,"अपक्षी"
2836,"असंबंधित",1820,"संबंधित"
2837,"तटस्थ",1822,"पक्षधर"
2839,"अविद्ध",21938,"विद्ध"
2844,"अनिच्छुक",1828,"इच्छुक"
2844,"अनभिलाषी",1828,"अभिलाषी"
2846,"उदास",2949,"प्रसन्न"
2850,"बहुमूल्य",1835,"अल्पमूल्य"
2852,"अनम्य",1837,"नम्य"
2852,"अनम्य",1837,"नमनीय"
2852,"दृढ़",1837,"लचीला"
2853,"अभिमानी",834,"निरभिमानी"
2853,"अभिमानी",834,"अनभिमानी"
2853,"दर्पी",834,"दर्पहीन"
2853,"गर्वी",834,"गर्वहीन"
2853,"दंभी",834,"अदंभी"
2853,"अहंकारी",834,"निरहंकारी"
2856,"रसहीन",1840,"रसपूर्ण"
2856,"नीरस",1840,"सरस"
2856,"बेरस",1840,"सरस"
2858,"अप्रासंगिक",2473,"प्रासंगिक"
2859,"विचारहीन",1844,"विचारपूर्ण"
2861,"अनर्ह",2741,"योग्य"
2862,"सुडौल",2499,"कुडौल"
2866,"अश्रुत",1848,"श्रुत"
2866,"अनसुना",1848,"सुना"
2872,"अनहोनी",1854,"संभवता"
179,"अशोधित",3801,"शोधित"
3002,"सुखद",3028,"दुखद"
3002,"सुखदायी",3028,"दुखदायी"
3002,"सुखप्रद",3028,"दुखप्रद"
3026,"सुंदर",3711,"कुरूप"
3026,"सुंदर",3711,"असुंदर"
3026,"ख़ूबसूरत",3711,"बदसूरत"
3013,"अभ्यस्त",2989,"अनभ्यस्त"
29,"प्रवीण",22,"अप्रवीण"
2974,"पैशाचिक",3166,"देवीय"
3167,"अमिट",935,"मिटनेवाला"
1989,"निराकार",2002,"साकार"
1989,"अमूर्त",2002,"मूर्तिमान्"
2975,"आयामहीन",1997,"आयामयुक्त"
2976,"निश्शुल्क",3169,"सशुल्क"
2849,"सामंजस्यहीन",1834,"सामंजस्यपूर्ण"
3255,"क्षमताहीन",3256,"क्षमतावान"
3255,"अक्षम",3256,"सक्षम"
3255,"अशक्त",3256,"सशक्त"
3056,"याचक",3341,"दानी"
3064,"नवीन",1661,"प्राचीन"
3064,"नया",1661,"पुराना"
3064,"नूतन",1661,"पुरातन"
3072,"अमिश्रित",3078,"मिश्रित"
3072,"अमिश्र",3078,"मिश्र"
3076,"विभाजित",2328,"अविभाजित"
3076,"विभक्त",2328,"अविभक्त"
3077,"विलग्न",3349,"संलग्न"
3077,"असंयुक्त",7759,"संयुक्त"
3077,"असंलग्न",3349,"संलग्न"
3088,"ईश्वर कृत",3379,"मानव कृत"
3090,"विशिष्ट",3468,"अविशिष्ट"
3090,"विशिष्ट",3468,"सामान्य"
3095,"अल्पभाषी",1824,"अतिभाषी"
3102,"सरल",4056,"कुटिल"
2319,"शाश्वत",935,"अशाश्वत"
3172,"अविरक्त",3471,"विरक्त"
3174,"अनुच्चारित",3175,"उच्चारित"
3179,"खोटा",1918,"खरा"
3180,"अकल्याणकारी",2453,"कल्याणकारी"
3186,"अश्लील",1523,"श्लील"
3186,"गंदा",1523,"बढ़िया"
2414,"असंभव",1327,"संभव"
3193,"असमाधान्य",3510,"समाधान्य"
3202,"असमकक्ष",3513,"समकक्ष"
3203,"असमभार",3514,"समभार"
3204,"असमाकार",3515,"समाकार"
3205,"असमान अंशीय",3516,"समान अंशीय"
3207,"उच्च कुलीन",3206,"निम्न कुलीन"
3207,"उच्च वंशीय",3206,"निम्न वंशीय"
1918,"खरा",3179,"खोटा"
3210,"वास्तविक",249,"अवास्तविक"
3210,"यथार्थ",249,"अयथार्थ"
3210,"सच्चा",249,"झूठा"
3211,"सहोदर",8373,"सौतेला"
3214,"असाध्य",3522,"साध्य"
3217,"ऋणी",1648,"ऋणदाता"
3216,"बंधक कर्ता",3523,"बंधक ग्राही"
3219,"विस्तीर्ण",3094,"संकीर्ण"
3266,"अनादत्त",2926,"आदत्त"
3269,"अस्वीकृत",2007,"स्वीकृत"
2079,"अंतिम",934,"आरम्भिक"
166,"वैयक्तिक",3469,"सामूहिक"
3422,"धार्मिक",2718,"अधार्मिक"
3422,"धर्मशील",2718,"धर्महीन"
3422,"धर्मी",2718,"अधर्मी"
2923,"संगत",2039,"असंगत"
3465,"गौरवहीन",3661,"गौरवपूर्ण"
3468,"सामान्य",3662,"असामान्य"
3468,"साधारण",3662,"असाधारण"
3468,"मामूली",3662,"ग़ैरमामूली"
2,"अशुभ",11763,"शुभ"
26445,"ग़ैरसरकारी",7817,"सरकारी"
26445,"अशासकीय",7817,"शासकीय"
3543,"आदरणीय",16609,"अनादरणीय"
3543,"सम्माननीय",16609,"असम्माननीय"
3543,"माननीय",16609,"अमाननीय"
3545,"आर्य जातीय",28638,"अनार्य जातीय"
3572,"छिद्रान्वेषक",16501,"अछिद्रान्वेषक"
3572,"छिद्रान्वेषी",16501,"अछिद्रान्वेषी"
3573,"निंदक",3571,"प्रशंसक"
1092,"आवश्यक",3683,"अनावश्यक"
1092,"ज़रूरी",3683,"ग़ैरज़रूरी"
3595,"महत्वपूर्ण",3684,"महत्वहीन"
3611,"परावलंबी",3687,"स्वावलंबी"
3687,"स्वावलंबी",3611,"परावलंबी"
2249,"अनासक्त",113,"आसक्त"
2924,"सत्कर्मी",1364,"दुष्कर्मी"
2461,"सद्गुणी",3709,"दुर्गुणी"
3703,"सद्व्यवहारी",3710,"दुर्व्यवहारी"
3710,"दुर्व्यवहारी",3703,"सद्व्यवहारी"
3709,"दुर्गुणी",2461,"सद्गुणी"
1914,"निर्मल",2419,"मलिन"
1914,"निर्मल",2419,"अनिर्मल"
1914,"विमल",2419,"अविमल"
1914,"पवित्र",2419,"अपवित्र"
1914,"शुद्ध",2419,"अशुद्ध"
1914,"स्वच्छ",2419,"अस्वच्छ"
1914,"साफ",2419,"मैला"
3714,"उज्जवल",2419,"मलिन"
3705,"स्वादिष्ट",1490,"अस्वादिष्ट"
3705,"ज़ायक़ेदार",1490,"बेज़ायक़ा"
3716,"फीका",7523,"मीठा"
3716,"फीका",6351,"खारा"
3716,"फीका",5109,"तीखा"
3717,"रोगप्रद",3706,"स्वास्थ्यप्रद"
3707,"स्वाभाविक",1164,"अस्वाभाविक"
3718,"अहितकारी",3707,"हितकारी"
2442,"निर्जीव",1354,"सजीव"
2442,"अजीवित",1354,"जीवित"
2440,"असावधान",2596,"सावधान"
2441,"चेतनाहीन",2594,"चेतनायुक्त"
3719,"स्फूर्तिप्रद",2233,"स्फूर्तिहीन"
3078,"सम्मिश्रित",3072,"अमिश्रित"
3078,"मिश्र",3072,"अमिश्र"
3078,"मिश्रित",3072,"अमिश्रित"
3079,"सदृश्य",5645,"असदृश्य"
3079,"समान",5645,"असमान"
2328,"अविभक्त",3076,"विभक्त"
3360,"अवैयक्तिक",166,"वैयक्तिक"
1366,"गुणवत्तारहित",2454,"गुणवत्तायुक्त"
1370,"अरोचक",2460,"रोचक"
1368,"निंदनीय",2456,"प्रशंसनीय"
1369,"अप्रिय",2457,"प्रिय"
1369,"अप्रीतिकर",2457,"प्रीतिकर"
1354,"जीवित",2442,"अजीवित"
1957,"खंड",406,"अखंड"
406,"अखंड",1957,"खंड"
338,"नियमानुकूल",4872,"नियम प्रतिकूल"
1007,"नैतिकतापूर्ण",729,"नैतिकताहीन"
3331,"तर्कपूर्ण",2412,"तर्कहीन"
337,"आचरणीय",5364,"अनाचरणीय"
28,"अप्रचलित",5204,"प्रचलित"
1,"अजन्मा",8,"जन्मा"
1,"अजात",8,"जात"
1,"अनुत्पन्न",8,"उत्पन्न"
8,"जन्मा",1,"अजन्मा"
3,"अप्रविष्ट",2475,"प्रविष्ट"
30,"योग्य",23,"अयोग्य"
31,"सभ्य",2272,"असभ्य"
34,"समझदार",763,"नासमझ"
39,"सनाथ",35,"अनाथ"
41,"ससहाय",36,"असहाय"
43,"साधन संपन्न",38,"साधनहीन"
60,"अव्यवस्थित",1004,"व्यवस्थित"
114,"निष्ठावान",1049,"निष्ठाहीन"
145,"अनुदित",164,"मौलिक"
145,"अनुदित",164,"स्वकृत"
145,"अनुदित",164,"स्वरचित"
140,"अनुकृत",164,"अननुकृत"
140,"अमौलिक",164,"मौलिक"
144,"भिन्नरूपी",122,"प्रतिरूपी"
199,"विपक्षीय",169,"स्वपक्षीय"
192,"सजातीय",1122,"विजातीय"
192,"सजाति",1122,"विजाति"
195,"तेरा",163,"मेरा"
209,"पूज्य",16371,"अपूज्य"
247,"सत्यवादी",520,"असत्यवादी"
247,"सच्चा",520,"झूठा"
248,"विश्वसनीय",2411,"अविश्वसनीय"
248,"विश्वस्त",2411,"अविश्वस्त"
248,"विश्वासी",2411,"अविश्वासी"
249,"काल्पनिक",3210,"अकाल्पनिक"
249,"कल्पित",3210,"अकल्पित"
249,"अवास्तविक",3210,"वास्तविक"
249,"अयथार्थ",3210,"यथार्थ"
249,"झूठा",3210,"सच्चा"
265,"असमतल",5117,"समतल"
323,"उपकारी",325,"अपकारी"
325,"अपकारी",323,"उपकारी"
325,"अपकर्ता",323,"उपकर्ता"
325,"अपकर्त्ता",323,"उपकर्त्ता"
325,"अपकारक",323,"उपकारक"
325,"अपकार कर्ता",323,"उपकार कर्ता"
325,"अपकार कर्त्ता",323,"उपकार कर्त्ता"
325,"अनुपकारी",323,"उपकारी"
493,"ईश्वरीय",518,"मानवीय"
502,"सर्वांग",1990,"विकलांग"
518,"मानवीय",493,"ईश्वरीय"
518,"मानवीय",10679,"अमानवीय"
520,"झूठा",247,"सच्चा"
520,"असत्यवादी",247,"सत्यवादी"
520,"असत्यभाषी",247,"सत्यभाषी"
522,"अप्राप्त",3849,"प्राप्त"
529,"स्वार्थहीन",530,"स्वार्थी"
530,"स्वार्थी",3809,"स्वार्थहीन"
530,"स्वार्थी",3809,"निःस्वार्थी"
550,"अस्वीकृत",2005,"स्वीकृत"
550,"नामंज़ूर",2005,"मंज़ूर"
550,"सहमतिहीन",2005,"सहमति प्राप्त"
550,"सहमति अप्राप्त",2005,"सहमति प्राप्त"
579,"अनुकूल",3636,"प्रतिकूल"
579,"अविरुद्ध",3636,"विरुद्ध"
579,"माफ़िक",3636,"खिलाफ"
645,"पुष्पित",646,"अपुष्पित"
645,"पुष्पयुक्त",646,"पुष्पहीन"
646,"पुष्पहीन",645,"पुष्पयुक्त"
646,"अपुष्पित",645,"पुष्पित"
646,"पुष्परहित",645,"पुष्पयुक्त"
656,"अत्याहारी",657,"अल्पाहारी"
656,"अत्याहारी",657,"स्वल्पाहारी"
657,"अल्पाहारी",656,"अत्याहारी"
668,"भक्षक",845,"रक्षक"
668,"भक्षक",845,"रक्षा कर्ता"
665,"समय पालक",1514,"समय अपालक"
699,"असमाधानित",700,"समाधानित"
700,"समाधानित",699,"असमाधानित"
717,"शत्रुतापूर्ण",3760,"मित्रतापूर्ण"
716,"शत्रुपूर्ण",2214,"शत्रुहीन"
729,"अनैतिक",1007,"नैतिक"
729,"नैतिकताहीन",1007,"नैतिकतापूर्ण"
729,"अनीतिपूर्ण",1007,"नीतिपूर्ण"
729,"अनुचित",1007,"उचित"
729,"ग़लत",1007,"सही"
763,"नासमझ",34,"समझदार"
766,"अवनतिशील",2409,"उन्नतिशील"
765,"अवनतिकारी",790,"उन्नतिकारी"
790,"उन्नतिकारी",765,"अवनतिकारी"
788,"असत्य",12118,"सत्य"
789,"तथ्यहीन",797,"तथ्यपूर्ण"
797,"तथ्यपूर्ण",789,"तथ्यहीन"
832,"गर्वीला",834,"गर्वहीन"
832,"गर्वी",834,"गर्वहीन"
834,"निरभिमानी",2853,"अभिमानी"
834,"अनभिमानी",2853,"अभिमानी"
834,"गर्वहीन",2853,"गर्वीला"
834,"दर्पहीन",2853,"दर्पी"
834,"अदंभी",2853,"दंभी"
834,"निरहंकारी",2853,"अहंकारी"
834,"अहंकारहीन",2853,"अहंकारी"
834,"दंभहीन",2853,"दंभी"
834,"निरहंकर",2853,"अहंकारी"
835,"समृद्धिप्रद",836,"असमृद्धिप्रद"
835,"ऐश्वर्यप्रद",836,"अनैश्वर्यप्रद"
836,"असमृद्धिप्रद",835,"समृद्धिप्रद"
836,"अनैश्वर्यप्रद",835,"ऐश्वर्यप्रद"
867,"बाह्य",2098,"आंतरिक"
866,"कृतघ्न",1161,"कृतज्ञ"
866,"अहसानफ़रामोश",1161,"एहसानमंद"
866,"अकृतज्ञ",1161,"कृतज्ञ"
869,"दूरस्थ",2100,"निकटस्थ"
870,"इहलौकिक",871,"पारलौकिक"
870,"सांसारिक",871,"परलौकिक"
870,"लौकिक",871,"अलौकिक"
872,"अपारिवारिक",2101,"पारिवारिक"
872,"अपरिवारीय",2101,"परिवारीय"
874,"अंतर्देशीय",2104,"अंतरराष्ट्रीय"
874,"अंतर्देशीय",873,"अंतरप्रदेशीय"
892,"समक्ष",2112,"असमक्ष"
893,"अनावृत्त",2113,"आवृत्त"
898,"अनिषिद्ध",899,"निषिद्ध"
899,"निषिद्ध",898,"अनिषिद्ध"
899,"वर्जित",898,"अवर्जित"
919,"विचलित",918,"अविचलित"
918,"अविचलित",919,"विचलित"
936,"समाप्य",2137,"असमाप्य"
937,"सीमांकित",939,"असीमांकित"
938,"ससीम",2138,"असीम"
939,"असीमांकित",937,"सीमांकित"
940,"निवासी",941,"अनिवासी"
959,"आनुवंशिक",960,"अनानुवंशिक"
960,"अनानुवंशिक",959,"आनुवंशिक"
970,"उत्तेजक",969,"प्रशामक"
969,"प्रशामक",970,"उत्तेजक"
983,"दृष्टियुक्त",2160,"दृष्टिहीन"
981,"अप्राकृतिक",1132,"प्राकृतिक"
1039,"अस्वाभिमानी",4700,"स्वाभिमानी"
1049,"निष्ठाहीन",114,"निष्ठावान"
1087,"अवरोधपूर्ण",2212,"अवरोधहीन"
1088,"कंटकयुक्त",2213,"कंटकहीन"
1095,"कथनीय",2219,"अकथनीय"
1095,"कथ्य",2219,"अकथ्य"
1095,"वाच्य",2219,"अवाच्य"
1095,"वक्तव्य",2219,"अवक्तव्य"
1096,"वर्णनीय",2220,"अवर्णनीय"
1105,"कर्ता",2227,"अकर्ता"
1107,"अनथका",1126,"थका"
1108,"प्रयासशील",30560,"अप्रयासशील"
1108,"प्रयत्नशील",30560,"अप्रयत्नशील"
1108,"प्रयासी",30560,"अप्रयासी"
1108,"प्रयत्नी",30560,"अप्रयत्नी"
1108,"प्रयत्नवान",30560,"अप्रयत्नवान"
1108,"उद्यमी",30560,"अउद्यमी"
1108,"उद्यमशील",30560,"अउद्यमशील"
1108,"उद्योगी",30560,"अउद्योगी"
1109,"अपराधशील",2932,"अपराधहीन"
1110,"प्रारब्धवादी",4146,"कर्तृत्ववादी"
1112,"कपोल कल्पित",3210,"यथार्थ"
1113,"अपरिपूर्ण",2235,"परिपूर्ण"
1115,"प्रत्याशित",2237,"अप्रत्याशित"
1115,"प्रत्याशित",2237,"प्रत्याशातीत"
1115,"आशानुकूल",2237,"आशातीत"
1126,"थका",1107,"अनथका"
1128,"इच्छापूर्ण",2250,"इच्छाहीन"
1130,"लाभप्रद",1133,"हानिप्रद"
1130,"लाभप्रद",2255,"लाभहीन"
1132,"प्राकृतिक",981,"अप्राकृतिक"
1133,"हानिप्रद",1130,"लाभप्रद"
1139,"गणनीय",2280,"अगणनीय"
1139,"गण्य",2280,"अगण्य"
1140,"धनाढ्य",2265,"निर्धन"
1140,"धनी",2265,"निर्धन"
1140,"अमीर",2265,"गरीब"
1140,"समृद्ध",2265,"असमृद्ध"
1140,"संपन्न",2265,"असंपन्न"
1143,"जातीय",1122,"विजातीय"
1122,"विजातीय",192,"सजातीय"
1156,"सौभाग्यशाली",2279,"दुर्भाग्यशाली"
1157,"कृत",2281,"अकृत"
1159,"पक्व",2283,"अपक्व"
1160,"रचित",2284,"अरचित"
1161,"कृतज्ञ",866,"अकृतज्ञ"
1161,"कृतज्ञ",866,"कृतघ्न"
1161,"एहसानमंद",866,"एहसानफ़रामोश"
1164,"अस्वाभाविक",2288,"स्वाभाविक"
1158,"मेघहीन",7123,"मेघाच्छन्न"
1163,"अलंकृत",2286,"अनलंकृत"
1168,"मिलनसार",1169,"अमिलनसार"
1169,"अमिलनसार",1168,"मिलनसार"
1171,"मित्रवान्",2295,"मित्रहीन"
1177,"गतिशील",2422,"गतिहीन"
1177,"चल",2422,"अचल"
1177,"अस्थिर",2422,"स्थिर"
1180,"अपठनीय",2304,"पठनीय"
1180,"अपठ्य",2304,"पठ्य"
1180,"अपाठ्य",2304,"पाठ्य"
1181,"अवेध्य",1167,"वेध्य"
1167,"वेध्य",1181,"अवेध्य"
1189,"आहत",2312,"अनाहत"
1190,"अचरितार्थ",3846,"चरितार्थ"
1193,"परिवर्तनशील",2316,"अपरिवर्तनशील"
1228,"आहार्य",2334,"अनाहार्य"
1228,"खाद्य",2334,"अखाद्य"
1228,"भोज्य",2334,"अभोज्य"
1228,"ग्राह्य",2334,"अग्राह्य"
1228,"भक्ष्य",2334,"अभक्ष्य"
1247,"गम्य",2347,"अगम्य"
1248,"प्रवेश्य",2348,"अप्रवेश्य"
1254,"ज्ञेय",2351,"अज्ञेय"
1255,"उपलब्ध",2352,"अनुपलब्ध"
1259,"पश्च",2358,"अग्र"
1266,"प्रतिगामी",2405,"पुरोगामी"
1284,"उद्यमहीन",4147,"उद्यमी"
1284,"पुरुषार्थहीन",4147,"पुरुषार्थी"
1284,"अपरिश्रमी",4147,"परिश्रमी"
1288,"प्रशिक्षित",1445,"अप्रशिक्षित"
1445,"अप्रशिक्षित",1288,"प्रशिक्षित"
1289,"भारी",2382,"हलका"
1291,"आवासित",516,"निरावासित"
1291,"आबाद",516,"ग़ैर आबाद"
1291,"बसा हुआ",516,"उजड़ा"
1324,"विश्वासी",1323,"अविश्वासी"
1323,"अविश्वासी",1324,"विश्वासी"
1326,"देय",6803,"आदेय"
1327,"संभव",2414,"असंभव"
1328,"सघन",2415,"विरल"
1328,"सघन",2415,"असघन"
1329,"पुण्यात्मा",2417,"पापी"
1329,"पुण्य कर्ता",2417,"पापी"
1331,"चंचल",2420,"अचंचल"
1334,"असंयमी",2423,"संयमी"
1339,"तेजोमंडित",1338,"तेजहीन"
1338,"तेजहीन",1339,"तेजपूर्ण"
1346,"निपुण",22,"अनिपुण"
1348,"इच्छित",2434,"अनिच्छित"
1350,"विचारणीय",2436,"अविचारणीय"
1352,"अनुपेक्षित",2438,"उपेक्षित"
1353,"उद्विग्न",2439,"निरुद्विग्न"
1362,"प्रगत",1322,"प्रतिगत"
1322,"प्रतिगत",1362,"प्रगत"
1361,"पुरोगत",1322,"प्रतिगत"
1363,"अवनत",2450,"उन्नत"
1363,"पतित",14979,"अपतित"
1364,"दुष्कर्मी",2924,"सत्कर्मी"
1365,"खरा",1360,"खोटा"
1360,"अशुद्ध",1365,"शुद्ध"
1367,"नापसंद",2455,"पसंदीदा"
1400,"जेय",2481,"अजेय"
1401,"जर्जर",2482,"अजर्जर"
1401,"जीर्ण",2482,"अजीर्ण"
895,"व्यापक",3094,"संकीर्ण"
1121,"प्रयोजनतः",2244,"प्रयोजनहीनतः"
1414,"ज्ञात",2489,"अज्ञात"
1415,"परिचित",2490,"अपरिचित"
1417,"जिज्ञासाहीन",3797,"जिज्ञासु"
1417,"अजिज्ञासु",3797,"जिज्ञासु"
1417,"अनुत्सुक",3797,"उत्सुक"
1417,"निरुत्सुक",3797,"उत्सुक"
1418,"असंदिग्ध",2495,"संदिग्ध"
1426,"म्लान",2503,"अम्लान"
1430,"व्यवहार कुशल",2506,"व्यवहार अकुशल"
1444,"विवेकी",2516,"अविवेकी"
1446,"बुद्धिमान",27,"मूर्ख"
1450,"स्पष्ट",2521,"अस्पष्ट"
1478,"सहज",11241,"असहज"
1478,"आसान",11241,"कठिन"
1478,"सरल",11241,"कठिन"
1477,"दुविधाहीन",1481,"दुविधाजनक"
1477,"दुबिधाहीन",1481,"दुबिधाजनक"
1477,"संशयहीन",1481,"संशयात्मक"
1482,"कर्तृत्व अधीन",2550,"प्रारब्धाधीन"
1523,"श्लील",3186,"अश्लील"
1568,"अनतिक्रमित",2607,"अतिक्रमित"
1573,"मितव्ययी",1569,"अपव्ययी"
1573,"किफ़ायती",1569,"फ़िज़ूलखर्ची"
1573,"किफायती",1569,"फिजूलखर्ची"
1569,"अपव्ययी",1573,"मितव्ययी"
1591,"एकवर्षी",2874,"बहुवर्षी"
1598,"तुलनीय",2631,"अतुलनीय"
1605,"न्यायपूर्ण",1599,"न्यायहीन"
1599,"न्यायहीन",1605,"न्यायपूर्ण"
1606,"अहिंसक",2642,"हिंसक"
1610,"पलायनशील",1611,"अपलायनशील"
1611,"जुझारू",1610,"भगेड़ू"
1611,"अपलायनशील",1610,"पलायनशील"
1657,"अवलोकित",2681,"अनवलोकित"
1560,"तर्कगम्य",2600,"तर्कागम्य"
1650,"अन्याय विषयक",2674,"न्याय विषयक"
1656,"दूरदर्शी",2679,"अदूरदर्शी"
1672,"सज्जन",2701,"दुर्जन"
1670,"दुराशय",6565,"सदाशय"
6565,"सदाशय",1670,"दुराशय"
1674,"लज्जाशील",2703,"लज्जाहीन"
1675,"सुशील",1676,"दुश्शील"
1676,"दुश्शील",1675,"सुशील"
1725,"कुपात्र",2744,"सुपात्र"
1729,"अस्थिरचित्त",2748,"स्थिरचित्त"
1729,"अशांत",2748,"शांत"
1729,"चंचल",2748,"अचंचल"
1763,"अनुत्तरदायी",2774,"उत्तरदायी"
1775,"समाप्त",2788,"असमाप्त"
1773,"पुष्पित",2786,"अपुष्पित"
1795,"विद्वान",27,"मूर्ख"
1796,"ध्यानहीन",2806,"ध्यानी"
1809,"अवनमित",2825,"अनमित"
1816,"असमान",2832,"समान"
1817,"साक्षर",2517,"निरक्षर"
1817,"पढ़ा-लिखा",2517,"अनपढ़"
1817,"शिक्षित",2517,"अशिक्षित"
1822,"पक्षधर",2837,"तटस्थ"
1828,"इच्छुक",2844,"अनिच्छुक"
1834,"सामंजस्यपूर्ण",2849,"सामंजस्यहीन"
1835,"अल्पमूल्य",2850,"बहुमूल्य"
1837,"नम्य",2852,"अनम्य"
1837,"लचीला",2852,"कठोर"
1837,"नमनीय",2852,"अनमनीय"
1838,"सुलक्षण",31127,"कुलक्षण"
1838,"सुलक्षन",31127,"कुलक्षन"
1838,"सुलक्ष",31127,"कुलक्ष"
1838,"सुलच्छन",31127,"कुलच्छन"
1840,"रसदार",2856,"रसहीन"
1840,"रसपूर्ण",2856,"रसहीन"
1840,"सरस",2856,"नीरस"
1844,"विचारपूर्ण",2859,"विचारहीन"
1848,"श्रुत",2866,"अश्रुत"
1849,"ईर्ष्यापूर्ण",2867,"ईर्ष्याहीन"
1849,"द्वेषपूर्ण",2867,"द्वेषहीन"
1849,"सासूय",2867,"अनसूय"
1853,"घटनीय",2871,"अघटनीय"
1810,"अधिकारपूर्ण",767,"अधिकारहीन"
1813,"दमन कर्ता",1808,"दमित"
1847,"मृत्युकारी",1823,"जीवनदायी"
1823,"जीवनदायी",1847,"मृत्युकारी"
1781,"मानव चालित",1782,"यंत्र चालित"
1782,"यंत्र चालित",1781,"मानव चालित"
1772,"अनगढ़",1805,"गढ़ा"
1806,"परिष्कृत",2822,"अपरिष्कृत"
1915,"ईमानदार",5295,"बेईमान"
1916,"पवित्र",1777,"अपवित्र"
1916,"पावन",1777,"अपावन"
1916,"पुण्य",1777,"अपुण्य"
1916,"शुद्ध",1777,"अशुद्ध"
1916,"पाक",1777,"नापाक"
1917,"पापहीन",2417,"पापी"
2382,"हलका",1289,"भारी"
2932,"अपराधहीन",172,"अपराधी"
2932,"निरपराधी",172,"अपराधी"
2932,"निर्दोष",172,"दोषी"
2932,"बेगुनाह",172,"गुनाहगार"
2932,"बेक़सूर",172,"क़सूरवार"
2945,"अक्रोधी",3745,"क्रोधी"
2945,"क्रोधहीन",3745,"क्रोधी"
3028,"दुःखद",3002,"सुखद"
3028,"दुखदायी",3002,"सुखदायी"
3028,"दुखप्रद",3002,"सुखप्रद"
1777,"अपवित्र",1916,"पवित्र"
1777,"अपावन",1916,"पावन"
1777,"अपुण्य",1916,"पुण्य"
1777,"अशुद्ध",1916,"शुद्ध"
1777,"नापाक",1916,"पाक"
1944,"अलिपिबद्ध",1946,"लिपिबद्ध"
2005,"स्वीकृत",550,"अस्वीकृत"
2005,"सहमति प्राप्त",550,"सहमति अप्राप्त"
2007,"स्वीकृत",3269,"अस्वीकृत"
2033,"आपका",163,"मेरा"
1213,"प्रियभाषी",1225,"अप्रियभाषी"
1225,"अप्रियभाषी",1213,"प्रियभाषी"
1332,"सींगदार",1333,"सींगहीन"
1332,"शृंगयुक्त",1333,"शृंगहीन"
1333,"सींगहीन",1332,"सींगदार"
1330,"शाखायुक्त",5793,"शाखाहीन"
1330,"प्रशाखित",5793,"अशाखित"
1357,"जुगुप्सु",1356,"स्नेही"
1420,"सच्चरित्रा",13177,"दुश्चरित्रा"
1420,"चरित्रवती",13177,"दुश्चरिता"
1420,"शीलवती",13177,"शीलहीना"
1420,"सदाचारिणी",13177,"दुराचारिणी"
1420,"साध्वी",13177,"पतिता"
1469,"घटित",2282,"अघटित"
1479,"बासी",6375,"ताज़ा"
1479,"बसिया",6375,"टटका"
1487,"छिद्रयुक्त",5809,"छिद्रहीन"
1488,"दुर्गंधपूर्ण",4714,"सुगंधपूर्ण"
1489,"स्वादयुक्त",1490,"स्वादहीन"
1490,"स्वादहीन",1489,"स्वादयुक्त"
2045,"चित",6621,"पट"
2062,"अंडज",747,"जरायुज"
747,"जरायुज",2062,"अंडज"
2082,"अतकनीकी",2081,"तकनीकी"
2081,"तकनीकी",2082,"अतकनीकी"
2084,"मंचनीय",1512,"अमंचनीय"
1512,"अमंचनीय",2084,"मंचनीय"
1512,"अमंच्य",2084,"मंच्य"
2098,"आंतरिक",867,"बाह्य"
2100,"निकटस्थ",869,"दूरस्थ"
2101,"पारिवारिक",872,"अपारिवारिक"
1721,"अविलुप्त",2114,"विलुप्त"
1724,"बहिर्वासी",2139,"अंतरवासी"
930,"वासी",941,"अवासी"
1667,"प्रकाशपूर्ण",2175,"अंधकारपूर्ण"
2221,"गोपनीय",1097,"अगोपनीय"
1607,"इंद्रिययुक्त",2224,"इंद्रियहीन"
2227,"अकर्ता",1105,"कर्ता"
2229,"अभोग्य",1513,"भोग्य"
1514,"समय अपालक",665,"समय पालक"
1608,"खंडनीय",2247,"अखंडनीय"
1612,"अकाट्य",2365,"काट्य"
2365,"काट्य",1612,"अकाट्य"
2250,"इच्छाहीन",1128,"इच्छापूर्ण"
2251,"कामहीन",2700,"कामुक"
2252,"अशरीरी",2001,"शरीरी"
2252,"अशरीरी",2001,"शरीरी"
2267,"जातिहीन",1148,"जातियुक्त"
1148,"जातियुक्त",2267,"जातिहीन"
2281,"अकृत",1157,"कृत"
2282,"अघटित",1469,"घटित"
2283,"अपक्व",1159,"पक्व"
2284,"अरचित",1160,"रचित"
1515,"कपटपूर्ण",2287,"कपटहीन"
1515,"छद्मपूर्ण",2287,"छद्महीन"
1165,"बहिर्मुखी",2289,"अंतरामुखी"
1165,"बहिरभिमुखी",2289,"अंतराभिमुखी"
1463,"महत्वाकांक्षी",2930,"अमहत्वाकांक्षी"
1465,"सत्कृत",1466,"असत्कृत"
1466,"असत्कृत",1465,"सत्कृत"
1196,"अल्पायु",3668,"दीर्घायु"
2301,"गतिहीन",1177,"गतिशील"
2301,"गतिहीन",1177,"गतिपूर्ण"
2301,"स्थिर",1177,"चालू"
2303,"दयालु",2641,"निर्दयी"
2304,"पठनीय",1180,"अपठनीय"
2304,"पाठ्य",1180,"अपाठ्य"
2304,"पठ्य",1180,"अपठ्य"
2305,"बोध्य",23054,"अबोध्य"
2305,"बोधगम्य",23054,"अबोधगम्य"
2326,"अभक्त",22155,"भक्त"
2327,"अपराजित",3196,"पराजित"
2327,"अपरास्त",3196,"परास्त"
2327,"अविजित",11228,"विजित"
2337,"पूर्णांशिक",3594,"अपूर्णांशिक"
2341,"अचल",5080,"सचल"
2341,"स्थावर",5080,"जंगम"
942,"आवासयुक्त",2384,"आवासहीन"
2405,"अग्रगामी",1266,"पश्चगामी"
2416,"तृप्त",2633,"अतृप्त"
2416,"संतुष्ट",2633,"असंतुष्ट"
2420,"अचंचल",1331,"चंचल"
2420,"अचपल",1331,"चपल"
2421,"धैर्यशील",2782,"धैर्यहीन"
2422,"स्थिर",1177,"अस्थिर"
2422,"निश्चल",1177,"चल"
2422,"अचल",1177,"चल"
2422,"गतिहीन",1177,"गतिशील"
2423,"संयमी",1334,"असंयमी"
2506,"व्यवहार अकुशल",1430,"व्यवहार कुशल"
847,"निद्रित",2595,"जाग्रत"
2597,"शीतल",1555,"गरम"
2597,"अनुष्ण",1555,"उष्ण"
2630,"अतुकांत",1172,"तुकांत"
1172,"तुकांत",2630,"अतुकांत"
2631,"अतुलनीय",1598,"तुलनीय"
2631,"अतुल्य",1598,"तुल्य"
1173,"कराधीन",2651,"करमुक्त"
3469,"सामूहिक",166,"वैयक्तिक"
3469,"सार्वजनिक",166,"निजी"
2756,"रथ आरूढ़",2983,"रथहीन"
2756,"रथी",2983,"अरथी"
2798,"दृश्यमान",2680,"अदृश्यमान"
2798,"दृश्य",2680,"अदृश्य"
2798,"दृष्टिगोचर",2680,"अदृष्टिगोचर"
1680,"उच्च",4244,"निम्न"
1680,"ऊँचा",4244,"नीचा"
1680,"उन्नत",4244,"अनुन्नत"
1680,"ऊर्ध्व",4244,"अनूर्ध्व"
1820,"संबंधित",2836,"असंबंधित"
2473,"प्रासंगिक",2858,"अप्रासंगिक"
2867,"ईर्ष्याहीन",1849,"ईर्ष्यापूर्ण"
2867,"द्वेषहीन",1849,"द्वेषपूर्ण"
2867,"अनसूय",1849,"सासूय"
2874,"बहुवर्षी",1591,"एकवर्षी"
2930,"अमहत्वाकांक्षी",1463,"महत्वाकांक्षी"
2949,"प्रसन्न",2946,"अप्रसन्न"
2949,"प्रसन्न",2946,"नाराज़"
2949,"ख़ुश",2946,"नाख़ुश"
2949,"तुष्ट",2946,"रुष्ट"
2946,"अप्रसन्न",2949,"प्रसन्न"
2946,"नाख़ुश",2949,"ख़ुश"
2946,"नाराज़",2949,"ख़ुश"
2946,"रुष्ट",2949,"तुष्ट"
2989,"अनभ्यस्त",3013,"अभ्यस्त"
3164,"उपेक्ष्य",3481,"सम्माननीय"
3164,"उपेक्षणीय",3481,"सम्माननीय"
3166,"दैवी",518,"मानवीय"
3168,"अभौतिक",7470,"भौतिक"
3169,"सशुल्क",2976,"निश्शुल्क"
2149,"अवैज्ञानिक",2141,"वैज्ञानिक"
3206,"निम्न कुलीन",3207,"उच्च कुलीन"
3206,"निम्न वंशीय",3207,"उच्च वंशीय"
3208,"सफल",3195,"असफल"
3208,"क़ामयाब",3195,"नाकामयाब"
3256,"क्षमतावान",3255,"क्षमताहीन"
3256,"सक्षम",3255,"अक्षम"
3341,"दानी",3950,"कंजूस"
3341,"दाता",3950,"कृपण"
3341,"दानी",3950,"सूम"
3407,"सुविधाजनक",4227,"असुविधाजनक"
3407,"सुविधापूर्ण",4227,"असुविधापूर्ण"
3478,"सुखी",3371,"दूखी"
3478,"सुखिया",3371,"दुखिया"
3521,"दृढ़मतहीन",4000,"दृढ़मतपूर्ण"
3522,"चिकित्स्य",3214,"अचिकित्स्य"
3522,"साध्य",3214,"असाध्य"
3571,"प्रशंसक",3573,"निंदक"
3636,"प्रतिकूल",579,"अनुकूल"
3636,"विरुद्ध",579,"अविरुद्ध"
3636,"खिलाफ",579,"माफ़िक"
3661,"गौरवपूर्ण",3465,"गौरवहीन"
3661,"गरिमापूर्ण",3465,"गरिमाहीन"
3682,"निवार्य",2248,"अनिवार्य"
3683,"अनावश्यक",1092,"आवश्यक"
3683,"ग़ैरज़रूरी",1092,"ज़रूरी"
3684,"महत्वहीन",3595,"महत्वपूर्ण"
3701,"आरक्षित",980,"अनारक्षित"
3711,"कुरूप",3026,"सुंदर"
3711,"बदसूरत",3026,"ख़ूबसूरत"
3712,"कुविन्यस्त",3704,"सुविन्यस्त"
3758,"निरस्त",3561,"पारित"
3760,"मित्रतापूर्ण",717,"शत्रुतापूर्ण"
3760,"दोस्ताना",717,"दुश्मनाना"
3760,"मैत्रीपूर्ण",717,"वैरपूर्ण"
3775,"बीस",10716,"उन्नीस"
3797,"जिज्ञासु",1417,"अजिज्ञासु"
3797,"उत्सुक",1417,"अनुत्सुक"
3797,"जिज्ञासु",1417,"जिज्ञासाहीन"
3797,"उत्सुक",1417,"निरुत्सुक"
3801,"शोधित",179,"अशोधित"
3809,"स्वार्थहीन",530,"स्वार्थी"
3809,"निःस्वार्थी",530,"स्वार्थी"
3838,"उपजाऊ",6704,"अनउपजाऊ"
3838,"उर्वर",6704,"अनुर्वर"
3950,"कंजूस",3341,"दानी"
3950,"कृपण",3341,"दानी"
3950,"अनुदार",3341,"उदार"
3950,"सूम",3341,"दानी"
3950,"तंगदिल",3341,"दरियादिल"
3930,"ऐसा",10812,"वैसा"
3949,"ठाँठ",6191,"दुधारू"
3949,"ठंठी",6191,"दुधार"
6191,"दुधारू",3949,"ठाँठ"
6191,"दुधार",3949,"ठंठी"
3642,"आबद्ध",3353,"मुक्त"
3642,"निबद्ध",3353,"खुला"
3642,"बद्ध",3353,"उन्मुक्त"
3992,"कटुभाषी",9794,"मृदुभाषी"
3993,"कड़वा",7523,"मीठा"
3993,"कटु",7523,"मधुर"
3993,"कटुक",7523,"मिष्ट"
3999,"असहिष्णु",3807,"सहिष्णु"
3999,"असहनशील",3807,"सहनशील"
3807,"सहिष्णु",3999,"असहिष्णु"
3807,"सहनशील",3999,"असहनशील"
4000,"दृढ़मतपूर्ण",3521,"दृढ़मतहीन"
4002,"असह्य",3391,"सह्य"
4002,"असहनीय",3391,"सहनीय"
3391,"सह्य",4002,"असह्य"
3391,"सहनीय",4002,"असहनीय"
4005,"दुर्लभ",2721,"सुलभ"
4005,"दुष्प्राप्य",2721,"सुप्राप्य"
4009,"कठोर",4524,"कोमल"
4009,"अस्निग्ध",4524,"स्निग्ध"
4009,"कर्कश",4524,"नरम"
4010,"कड़ा",6382,"नरम"
4010,"कड़क",6382,"मुलायम"
4016,"कठोर व्यवहारी",4528,"नम्र व्यवहारी"
4016,"सख़्त",4528,"विनम्र"
4017,"कठोरहृदय",4526,"कोमलहृदय"
4020,"शक्तिशाली",6203,"शक्तिहीन"
4020,"शक्तिपूर्ण",6203,"शक्तिहीन"
4020,"बलशाली",6203,"बलहीन"
4020,"सबल",6203,"दुर्बल"
4021,"शुष्क",4913,"तर"
4021,"अनार्द्र",4913,"आर्द्र"
4021,"सूखा",4913,"नम"
4021,"सूखा",4913,"गीला"
4022,"दृढ़",7428,"अदृढ़"
4022,"पक्का",7428,"कच्चा"
4022,"मज़बूत",7428,"कमज़ोर"
4041,"अभिव्यक्त",15184,"अव्यक्त"
4041,"प्रकट",15184,"अप्रकट"
4041,"प्रगट",15184,"अप्रगट"
4041,"व्यक्त",15184,"अव्यक्त"
4056,"कुटिल",3102,"सरल"
4138,"खुरदुरा",8763,"चिकना"
4146,"कर्तृत्ववादी",1110,"प्रारब्धवादी"
4147,"परिश्रमी",1284,"अपरिश्रमी"
4147,"उद्यमी",1284,"उद्यमहीन"
4147,"पुरुषार्थी",1284,"पुरुषार्थहीन"
4173,"सुरीला",6435,"बेसुरा"
4173,"सुरीला",4177,"कर्कश"
4173,"मधुर",4177,"कठोर"
4177,"कर्कश",4173,"सुरीला"
4177,"कठोर",4173,"मधुर"
4227,"असुविधाजनक",3407,"सुविधाजनक"
4227,"असुविधापूर्ण",3407,"सुविधापूर्ण"
32,"अच्छा",4634,"बुरा"
32,"बढ़िया",4634,"घटिया"
32,"भला",4634,"बुरा"
4526,"कोमलहृदय",4017,"कठोरहृदय"
4528,"नम्र व्यवहारी",4016,"कठोर व्यवहारी"
4571,"क्षमाशील",29135,"अक्षमाशील"
4571,"क्षमावान",29135,"अक्षमावान"
4601,"खट्टा",7523,"मीठा"
7523,"मीठा",4601,"खट्टा"
7523,"मीठा",3993,"कड़ुआ"
4603,"पण्य",18361,"अपण्य"
4625,"दुश्चरित्र",6564,"सच्चरित्र"
4625,"बदचलन",6564,"नेकचलन"
4625,"चरित्रहीन",6564,"चरित्रवान"
4626,"विकृत",22323,"अविकृत"
4714,"सुगंधित",1488,"दुर्गंधित"
4714,"ख़ुशबूदार",1488,"बदबूदार"
4714,"सुगंधपूर्ण",1488,"दुर्गंधपूर्ण"
4798,"गंधहीन",4799,"गंधयुक्त"
4798,"वासहीन",4799,"वासयुक्त"
4799,"गंधयुक्त",4798,"गंधहीन"
4799,"वासयुक्त",4798,"वासहीन"
4803,"गहरा",8806,"छिछला"
4806,"हास्यहीन",8437,"हास्यपूर्ण"
4808,"ग्रामीण",6348,"नागरिक"
4808,"देहाती",6348,"शहरी"
4808,"ग्राम्य",6348,"नगरीय"
4832,"फुर्तिला",2231,"आलसी"
4834,"देशद्रोही",23550,"देशभक्त"
4834,"राष्ट्रद्रोही",23550,"राष्ट्रभक्त"
871,"पारलौकिक",870,"इहलौकिक"
4928,"प्रतिभाशाली",22309,"अप्रतिभ"
4928,"प्रतिभावान",22309,"प्रतिभाहीन"
5115,"नीतिज्ञ",16921,"अनीतिज्ञ"
5117,"समतल",265,"असमतल"
5117,"सपाट",265,"ऊबड़-खाबड़"
5421,"रसिक",8072,"अरसिक"
5407,"वसायुक्त",5406,"वसाहीन"
5406,"वसाहीन",5407,"वसायुक्त"
5251,"व्यसनी",19749,"निर्व्यसनी"
5251,"कुव्यसनी",19749,"निर्व्यसनी"
5251,"व्यसनी",19749,"अव्यसनी"
5295,"बेईमान",1915,"ईमानदार"
5610,"जितेंद्रिय",16786,"अजितेंद्रिय"
5610,"जितेन्द्रिय",16786,"अजितेन्द्रिय"
5613,"बीजू",8623,"कलमी"
10716,"उन्नीस",3775,"बीस"
5751,"ठंडा",1555,"गरम"
5751,"सर्द",1555,"गर्म"
5751,"शीतल",1555,"उष्ण"
5757,"सूती",4854,"ऊनी"
5809,"छिद्रहीन",1487,"छिद्रयुक्त"
5809,"अछिद्र",1487,"सछिद्र"
5809,"रंध्रहीन",1487,"रंध्रयुक्त"
1511,"भंजनशील",2560,"अभंजनशील"
1511,"भंजनीय",2560,"अभंजनीय"
6244,"देशीय",7863,"परदेशीय"
6244,"देशी",7863,"विदेशी"
6244,"देशी",7863,"परदेशी"
6348,"शहरी",4808,"देहाती"
6348,"नगरीय",4808,"ग्राम्य"
6348,"नागरिक",4808,"ग्रामीण"
6351,"नमकीन",7523,"मीठा"
6351,"नमकीन",3716,"फीका"
6495,"निरामिष",10222,"सामिष"
10222,"सामिष",6495,"निरामिष"
6491,"निरर्थक",7087,"सार्थक"
6491,"अर्थहीन",7087,"अर्थयुक्त"
6491,"अर्थशून्य",7087,"अर्थपूर्ण"
7087,"सार्थक",6491,"निरर्थक"
7087,"अर्थयुक्त",6491,"अर्थहीन"
7087,"अर्थपूर्ण",6491,"अर्थशून्य"
6944,"अचल",5176,"चल"
6944,"स्थावर",5176,"जंगम"
6944,"गैरमनकूला",5176,"मनकूला"
5176,"चल",6944,"अचल"
5176,"जंगम",6944,"स्थावर"
5176,"मनकूला",6944,"गैरमनकूला"
6704,"अनउपजाऊ",3838,"उपजाऊ"
6704,"अनुर्वर",3838,"उर्वर"
6716,"सुघड़",26,"फूहड़"
6820,"पारदर्शक",6682,"अपारदर्शक"
6820,"पारदर्शी",6682,"अपारदर्शी"
6682,"अपारदर्शक",6820,"पारदर्शक"
6682,"अपारदर्शी",6820,"पारदर्शी"
8046,"गोचर",2386,"अगोचर"
7817,"सरकारी",26445,"ग़ैरसरकारी"
7817,"शासकीय",26445,"अशासकीय"
7863,"विदेशी",168,"स्वदेशी"
7953,"वर्णित",16792,"अवर्णित"
7953,"निरूपित",16792,"अनिरूपित"
7953,"चित्रित",16792,"अचित्रित"
5776,"नियमित",16787,"अनियमित"
5776,"नियमबद्ध",16787,"अनियमबद्ध"
8024,"वैदिक",31913,"अवैदिक"
8056,"शांतिप्रिय",2298,"कलहप्रिय"
8056,"शांति-प्रेमी",2298,"झगड़ालू"
8056,"अमनपसंद",2298,"खुराफ़ाती"
8072,"अरसिक",5421,"रसिक"
8054,"शाकाहारी",7582,"मांसाहारी"
8240,"सीधा",5744,"टेढ़ा"
8240,"वक्रहीन",5744,"वक्र"
8240,"मोड़हीन",5744,"मोड़दार"
8424,"सुपाच्य",4865,"कुपाच्य"
8607,"कंपित",14343,"अकंपित"
8607,"कंपायमान",14343,"अकंपायमान"
8851,"जन्मजात",22269,"अजन्मजात"
8851,"जन्मगत",22269,"अजन्मगत"
10047,"विरेचक",33285,"कोष्ठ-ग्राहक"
10047,"रेचक",33285,"कोष्ठ-ग्राहक"
10047,"दस्तावर",33285,"काबिज"
10047,"दस्तावर",33285,"क़ाबिज़"
10047,"विरेचक",33285,"मलावरोधक"
10047,"रेचक",33285,"मलावरोधक"
10281,"प्रतियोगी",22313,"अप्रतियोगी"
10345,"असंयत",12125,"संयत"
10613,"धनात्मक",10614,"ऋणात्मक"
10613,"धन",10614,"ऋण"
10614,"ऋणात्मक",10613,"धनात्मक"
10614,"ऋण",10613,"धन"
10679,"अमानवीय",518,"मानवीय"
10679,"हैवानी",518,"इंसानी"
10679,"अपौरुषेय",518,"पौरुषेय"
10679,"अमानुषिक",518,"मानुषिक"
10679,"अमानवी",518,"मानवी"
10705,"घुलनशील",10706,"अघुलनशील"
10706,"अघुलनशील",10705,"घुलनशील"
10740,"कुलीन",2271,"अकुलीन"
10752,"बुद्धिहीन",1446,"बुद्धिमान"
10812,"वैसा",3930,"ऐसा"
845,"रक्षक",668,"भक्षक"
845,"रक्षा कर्ता",668,"भक्षक"
11019,"रजस्वला",16653,"अनार्तवा"
986,"दिखावटी",3210,"वास्तविक"
986,"नक़ली",3210,"असली"
986,"कृत्रिम",3210,"प्राकृतिक"
12102,"उड़नहीन",7993,"उड़नशील"
12103,"दुहरा",12104,"इकहरा"
12103,"दोहरा",12104,"एकहरा"
12104,"एकहरा",12103,"दुहरा"
12104,"इकहरा",12103,"दोहरा"
12353,"अश्लिष्ट",7759,"श्लिष्ट"
12353,"असंयुक्त",7759,"संयुक्त"
12353,"असंयोजित",7759,"संयोजित"
12353,"असंबद्ध",7759,"संबद्ध"
7759,"संयुक्त",12353,"असंयुक्त"
7759,"संबद्ध",12353,"असंबद्ध"
7759,"संयोजित",12353,"असंयोजित"
7759,"श्लिष्ट",12353,"अश्लिष्ट"
12354,"एकार्थी",12352,"द्वीअर्थी"
12531,"निर्गुण",12533,"सगुण"
12531,"निर्गुन",12533,"सगुन"
12533,"सगुण",12531,"निर्गुण"
12533,"सगुन",12531,"निर्गुन"
12800,"गुणरहित",2454,"गुणयुक्त"
12800,"गुणहीन",2454,"गुणयुक्त"
12751,"सही",12750,"गलत"
12751,"शुद्ध",12750,"अशुद्ध"
7187,"भ्रमित",22365,"अभ्रमित"
7187,"भ्रांत",22365,"अभ्रांत"
7187,"भ्रान्त",22365,"अभ्रान्त"
6995,"विषधर",6675,"विषहीन"
6675,"विषहीन",6995,"विषधर"
6675,"विषहीन",5047,"विषाक्त"
5047,"विषाक्त",6675,"विषहीन"
13687,"निस्संकोची",13680,"संकोची"
13680,"संकोची",13687,"निस्संकोची"
13631,"मरियल",1831,"चंगा"
13631,"मरियल",1831,"तंदुरुस्त"
13630,"क्षारीय",13828,"अम्लीय"
13828,"अम्लीय",13630,"क्षारीय"
12897,"विनम्र",2853,"अविनम्र"
12897,"विनयी",2853,"अविनयी"
12897,"विनीत",2853,"अविनीत"
12897,"नम्र",2853,"अनम्र"
12897,"विनयशील",2853,"अविनयशील"
13833,"भूमिज",28022,"अभूमिज"
13833,"क्षितिज",28022,"अक्षितिज"
13833,"भौम",28022,"अभौम"
13833,"पृथ्वीज",28022,"अपृथ्वीज"
13535,"जूठा",15040,"अजूठा"
180,"उच्छिष्ट",15040,"अनुच्छिष्ट"
180,"जूठा",15040,"अजूठा"
13855,"दुर्ग्राह्य",13482,"सुग्राह्य"
13855,"दुर्ग्राही",13482,"सुग्राही"
13856,"दुर्ग्राह्य",13482,"सुग्राह्य"
13856,"दुर्ग्राही",13482,"सुग्राही"
13180,"सुचालक",13181,"कुचालक"
13181,"कुचालक",13180,"सुचालक"
13352,"द्रोही",15315,"अद्रोही"
9069,"दंडित",15262,"अदंडित"
13282,"प्रभावशाली",20602,"प्रभावहीन"
9106,"आकर्षक",24661,"अनाकर्षक"
13270,"स्वर्गीय",21446,"नारकीय"
13270,"स्वर्गिक",21446,"नारकिक"
13270,"स्वर्गी",21446,"नरकीय"
4788,"कुलिखित",8395,"सुलिखित"
9166,"शारीरिक",3420,"अशारीरिक"
9278,"निमंत्रित",16003,"अनिमंत्रित"
9278,"आमंत्रित",16003,"अनामंत्रित"
4829,"सक्रिय",14658,"अक्रिय"
4829,"क्रियाशील",14658,"क्रियारहित"
4634,"बुरा",32,"अच्छा"
4634,"घटिया",32,"बढ़िया"
3662,"असामान्य",3468,"सामान्य"
3662,"ख़ास",3468,"आम"
7449,"चिह्नित",31128,"अचिह्नित"
7449,"चिन्हित",31128,"अचिन्हित"
7449,"लक्षित",31128,"अलक्षित"
12495,"प्रकाश्य",22257,"अप्रकाश्य"
12495,"प्रकाशनीय",22257,"अप्रकाशनीय"
12065,"गतिहीन",1177,"गतिशील"
10914,"उक्त",15985,"अनुक्त"
10914,"कथित",15985,"अकथित"
10914,"भाषित",15985,"अभाषित"
10914,"कहा",15985,"अनकहा"
12496,"संक्रामक",27224,"असंक्रामक"
12496,"संचारी",27224,"असंचारी"
12496,"संसर्गजन्य",27224,"असंसर्गजन्य"
10124,"श्रद्धेय",32050,"अश्रद्धेय"
11223,"निष्फल",3208,"सफल"
11223,"असफल",3208,"सफल"
11223,"विफल",3208,"सफल"
11241,"कठिन",1478,"आसान"
11241,"कठिन",1478,"सरल"
11241,"विकट",1478,"अविकट"
11374,"समक्ष",2112,"असमक्ष"
10799,"पारगम्य",2353,"अपारगम्य"
13939,"घोष",13940,"अघोष"
13939,"सघोष",13940,"अघोष"
13940,"अघोष",13939,"घोष"
13940,"अघोष",13939,"सघोष"
6564,"सच्चरित्र",4625,"दुश्चरित्र"
6564,"चरित्रवान",4625,"चरित्रहीन"
6564,"नेकचलन",4625,"बदचलन"
6564,"शिष्टाचारी",4625,"भ्रष्टाचारी"
6564,"सदाचारी",4625,"दुराचारी"
12118,"सत्य",788,"असत्य"
12118,"सच",788,"झूठ"
6746,"अप्रत्यक्ष",11374,"प्रत्यक्ष"
6746,"परोक्ष",11374,"अपरोक्ष"
7470,"भौतिक",3168,"अभौतिक"
7582,"मांसाहारी",8054,"शाकाहारी"
5645,"असदृश",3079,"सदृश"
5645,"असमान",3079,"समान"
14013,"परिपक्व",20509,"अपरिपक्व"
14013,"प्रौढ़",20509,"अप्रौढ़"
14343,"अकंपित",8607,"कंपित"
14343,"अकंपायमान",8607,"कंपायमान"
14259,"अकरणीय",24978,"करणीय"
14979,"अपतित",1363,"पतित"
14979,"अच्युत",1728,"च्युत"
1728,"च्युत",14979,"अच्युत"
15018,"निर्जल",15019,"सजल"
15018,"अजल",15019,"सजल"
15019,"सजल",15018,"निर्जल"
15019,"सजल",15018,"अजल"
15020,"अयशी",4382,"यशी"
15020,"अजसी",4382,"जसी"
15021,"अयाचक",3056,"याचक"
15021,"अजाचक",3056,"जाचक"
15040,"अजूठा",180,"जूठा"
15040,"अजूठा",13535,"जूठा"
15040,"अनुच्छिष्ट",180,"उच्छिष्ट"
15184,"अव्यक्त",4041,"अभिव्यक्त"
15184,"अप्रकट",4041,"प्रकट"
15184,"अप्रगट",4041,"प्रगट"
15184,"अव्यक्त",4041,"व्यक्त"
15188,"स्पष्ट",2521,"अस्पष्ट"
15283,"अदानी",3341,"दानी"
15283,"अदाता",3341,"दाता"
15296,"दाहक",15293,"अदाहक"
15293,"अदाहक",15296,"दाहक"
15299,"अदीक्षित",15300,"दीक्षित"
15300,"दीक्षित",15299,"अदीक्षित"
15315,"अद्रोही",13352,"द्रोही"
15477,"पदस्थ",1229,"अपदस्थ"
15503,"स्थायी",4564,"अस्थायी"
15504,"अस्थायी",15505,"स्थायी"
15505,"स्थायी",15504,"अस्थायी"
15864,"विहित",31880,"अविहित"
15937,"अनंतिम",2079,"अंतिम"
15937,"अनन्तिम",2079,"अन्तिम"
15985,"अनकहा",10914,"कहा"
15985,"अकथित",10914,"कथित"
15985,"अनुक्त",10914,"उक्त"
15985,"अभाषित",10914,"भाषित"
16003,"अनिमंत्रित",9278,"निमंत्रित"
16003,"अनामंत्रित",9278,"आमंत्रित"
16010,"अनछीला",16011,"छीला"
16011,"छीला",16010,"अनछीला"
16012,"अनछुआ",16013,"छुआ"
16012,"अस्पर्शित",16013,"स्पर्शित"
16013,"छुआ",16012,"अनछुआ"
16013,"स्पर्शित",16012,"अस्पर्शित"
16223,"अनतुला",16225,"तुला"
16223,"अनतौला",16225,"तौला"
16223,"अनतोला",16225,"तोला"
16223,"अनजोखा",16225,"जोखा"
16225,"तुला",16223,"अनतुला"
16225,"जोखा",16223,"अनतौला"
16225,"तौला",16223,"अनतोला"
16225,"तोला",16223,"अनजोखा"
16227,"अनतिक्रमणीय",16228,"अतिक्रमणीय"
16228,"अतिक्रमणीय",16227,"अनतिक्रमणीय"
16235,"अनधिकारी",2745,"अधिकारी"
16276,"अनपकारी",325,"अपकारी"
16294,"अनभिमत",16298,"अभिमत"
16298,"अभिमत",16294,"अनभिमत"
16371,"अपूज्य",209,"पूज्य"
16372,"अनर्जित",16373,"अर्जित"
16373,"अर्जित",16372,"अनर्जित"
4054,"अकल्याण कामी",8442,"कल्याण कामी"
4054,"अशुभचिंतक",8442,"शुभचिंतक"
4054,"अशुभेच्छुक",8442,"शुभेच्छुक"
16501,"अछिद्रान्वेषक",3572,"छिद्रान्वेषक"
16501,"अछिद्रान्वेषी",3572,"छिद्रान्वेषी"
16504,"अनस्त",2682,"अस्त"
16524,"आक्रांत",16523,"अनाक्रांत"
16524,"आक्रान्त",16523,"अनाक्रान्त"
16523,"अनाक्रांत",16524,"आक्रांत"
16523,"अनाक्रान्त",16524,"आक्रान्त"
16609,"अनादरणीय",3543,"आदरणीय"
16609,"निरादरणीय",3543,"आदरणीय"
16609,"असम्माननीय",3543,"सम्माननीय"
16609,"अमाननीय",3543,"माननीय"
16614,"अनादृत",3861,"आदृत"
16614,"अनादरित",3861,"सम्मानित"
16653,"अनार्तवा",11019,"रजस्वला"
16786,"अजितेंद्रिय",5610,"जितेंद्रिय"
16786,"अजितेन्द्रिय",5610,"जितेन्द्रिय"
16787,"अनियमित",5776,"नियमित"
16787,"नियमरहित",5776,"नियमबद्ध"
16788,"अनियुक्त",2747,"नियुक्त"
16792,"अवर्णित",7953,"वर्णित"
16792,"अचित्रित",7953,"चित्रित"
16920,"अनीच",2698,"नीच"
16921,"अनीतिज्ञ",5115,"नीतिज्ञ"
17906,"अनृणी",3217,"ऋणी"
18359,"अपठनीय",18360,"पठनीय"
18359,"अपाठ्य",18360,"पाठ्य"
18359,"अपठ्य",18360,"पठ्य"
18360,"पठनीय",18359,"अपठनीय"
18360,"पाठ्य",18359,"अपाठ्य"
18360,"पठ्य",18359,"अपठ्य"
18361,"अपण्य",4603,"पण्य"
18380,"विधवा",18390,"सधवा"
18380,"दुहागिन",18390,"सुहागिन"
18380,"पतिहीन",18390,"पतिवंती"
18557,"विजयी",3196,"पराजित"
18557,"विजेता",3196,"परास्त"
19489,"योनिज",30584,"अयोनिज"
8442,"शुभचिंतक",4054,"अशुभचिंतक"
8442,"कल्याण कामी",4054,"अकल्याण कामी"
8442,"शुभेच्छुक",4054,"अशुभेच्छुक"
19749,"निर्व्यसनी",5251,"व्यसनी"
19749,"निर्व्यसनी",5251,"कुव्यसनी"
19749,"अव्यसनी",5251,"व्यसनी"
20225,"याचित",30578,"अयाचित"
20225,"अभियाचित",30578,"अयाचित"
20509,"अपरिपक्व",14013,"परिपक्व"
20509,"अप्रौढ़",14013,"प्रौढ़"
20602,"प्रभावहीन",13282,"प्रभावशाली"
20602,"प्रभावशून्य",13282,"प्रभावशाली"
20603,"प्रभावहीन",11766,"प्रभावशाली"
21016,"द्वैतवादी",21042,"अद्वैतवादी"
21016,"द्वैती",21042,"अद्वैती"
21023,"भौतिक",28019,"अभौतिक"
21023,"पार्थिव",28019,"अपार्थिव"
21042,"अद्वैतवादी",21016,"द्वैतवादी"
21042,"अद्वैती",21016,"द्वैती"
21446,"नारकीय",13270,"स्वर्गीय"
21446,"नारकिक",13270,"स्वर्गिक"
21446,"नरकीय",13270,"स्वर्गी"
21668,"भावहीन",2150,"भावपूर्ण"
21668,"अमार्मिक",2150,"मार्मिक"
21668,"अभावनात्मक",2150,"भावनात्मक"
21668,"भावनाहीन",2150,"भावनापूर्ण"
21668,"अभावात्मक",2150,"भावात्मक"
21938,"विद्ध",2839,"अविद्ध"
21938,"बिद्ध",2839,"अबिद्ध"
22155,"भक्त",2326,"अभक्त"
22234,"अपेय",22235,"पेय"
22235,"पेय",22234,"अपेय"
22257,"अप्रकाश्य",12495,"प्रकाश्य"
22257,"अप्रकाशनीय",12495,"प्रकाशनीय"
22269,"अजन्मगत",8851,"जन्मगत"
22269,"अजन्मजात",8851,"जन्मजात"
22281,"अप्रतिकारी",22282,"प्रतिकारी"
22309,"अप्रतिभ",4928,"प्रतिभाशाली"
22309,"प्रतिभाहीन",4928,"प्रतिभावान"
22313,"अप्रतियोगी",10281,"प्रतियोगी"
22323,"अविकृत",4626,"विकृत"
22360,"अप्रमत्त",7337,"प्रमत्त"
22363,"अप्रमाणिक",797,"प्रामाणिक"
22365,"अभ्रमित",7187,"भ्रमित"
22365,"अभ्रांत",7187,"भ्रांत"
22365,"अभ्रान्त",7187,"भ्रान्त"
22430,"अप्रमाणित",6983,"प्रमाणित"
22430,"असिद्ध",6983,"सिद्ध"
6983,"सिद्ध",22430,"असिद्ध"
6983,"प्रमाणित",22430,"अप्रमाणित"
22464,"अप्रशंसनीय",2456,"प्रशंसनीय"
23054,"अबोध्य",2305,"बोध्य"
23054,"अनबोध्य",2305,"बोधगम्य"
23550,"देशभक्त",4834,"देशद्रोही"
23550,"राष्ट्रभक्त",4834,"राष्ट्रद्रोही"
24365,"कुलबोरन",24366,"कुलतारन"
24366,"कुलतारण",24365,"कुलबोरन"
24366,"कुलतारन",24365,"कुलबोरन"
24661,"अनाकर्षक",9106,"आकर्षक"
24978,"करणीय",14259,"अकरणीय"
25578,"निराशावादी",25581,"आशावादी"
25581,"आशावादी",25578,"निराशावादी"
26304,"अभिसारी",26306,"अभिसारिणी"
26306,"अभिसारिणी",26304,"अभिसारी"
26602,"बड़ा",26601,"छोटा"
26601,"छोटा",26602,"बड़ा"
26719,"छोटा",26720,"बड़ा"
26720,"बड़ा",26719,"छोटा"
26904,"शीत",26905,"उष्ण"
26904,"ठंडा",26905,"गरम"
26904,"ठंडा",26905,"गर्म"
26905,"उष्ण",26904,"शीत"
26905,"गरम",26904,"ठंडा"
26905,"गर्म",26904,"ठंडा"
27224,"असंक्रामक",12496,"संक्रामक"
27224,"असंचारी",12496,"संचारी"
27224,"असंसर्गजन्य",12496,"संसर्गजन्य"
27962,"अभोक्ता",27963,"उपभोक्ता"
27962,"अभोक्ता",27963,"भोक्ता"
27963,"उपभोक्ता",27962,"अभोक्ता"
27963,"भोक्ता",27962,"अभोक्ता"
27964,"अभोगी",27965,"भोगी"
27965,"भोगी",27964,"अभोगी"
28017,"अभोग्य",28071,"भोग्य"
28019,"अभौतिक",21023,"भौतिक"
28019,"अपार्थिव",21023,"पार्थिव"
28020,"भौम",28021,"अभौम"
28021,"अभौम",28020,"भौम"
28022,"अभूमिज",13833,"भूमिज"
28022,"अक्षितिज",13833,"क्षितिज"
28022,"अभौम",13833,"भौम"
28022,"अपृथ्वीज",13833,"पृथ्वीज"
28071,"भोग्य",28017,"अभोग्य"
28668,"पारगम्य",28669,"अपारगम्य"
28669,"अपारगम्य",28668,"पारगम्य"
29042,"मधुपर्क्य",29044,"अमधुपर्क्य"
29044,"अमधुपर्क्य",29042,"मधुपर्क्य"
29135,"अक्षमाशील",4571,"क्षमाशील"
29135,"अक्षमावान",4571,"क्षमावान"
29137,"असहिष्णु",3807,"सहिष्णु"
29137,"असहनशील",3807,"सहनशील"
29234,"अमाननीय",29236,"माननीय"
29234,"अमान्य",29236,"मान्य"
29236,"माननीय",29234,"अमाननीय"
29236,"मान्य",29234,"अमान्य"
30560,"अप्रयत्नशील",1108,"प्रयत्नशील"
30560,"अप्रयासशील",1108,"प्रयासशील"
30560,"अप्रयासी",1108,"प्रयासी"
30560,"अप्रयत्नी",1108,"प्रयत्नी"
30560,"अप्रयत्नवान",1108,"प्रयत्नवान"
30560,"अउद्यमी",1108,"उद्यमी"
30560,"अउद्यमशील",1108,"उद्यमशील"
30560,"अउद्योगी",1108,"उद्योगी"
30578,"अयाचित",20225,"याचित"
30584,"अयोनिज",19489,"योनिज"
31127,"कुलक्षण",1838,"सुलक्षण"
31127,"कुलक्षन",1838,"सुलक्षन"
31127,"कुलक्ष",1838,"सुलक्ष"
31127,"कुलच्छन",1838,"सुलच्छन"
31128,"अचिह्नित",7449,"चिह्नित"
31128,"अचिन्हित",7449,"चिन्हित"
31128,"अलक्षित",7449,"लक्षित"
31880,"अविहित",15864,"विहित"
31901,"अवैदिक",8024,"वैदिक"
32050,"अश्रद्धेय",10124,"श्रद्धेय"
33285,"कोष्ठ-ग्राहक",10047,"विरेचक"
33285,"कोष्ठ-ग्राहक",10047,"रेचक"
33285,"काबिज",10047,"दस्तावर"
33285,"क़ाबिज़",10047,"दस्तावर"
33285,"मलावरोधक",10047,"विरेचक"
33285,"मलावरोधक",10047,"रेचक"
34766,"कार्बनिक",34767,"अकार्बनिक"
34767,"अकार्बनिक",34766,"कार्बनिक"
