synset_id,"link_type","tbl_name","description"
51,"onto_nodes","tbl_onto_nodes","Ontology Nodes"
52,"onto_nodes","tbl_onto_nodes","Ontology Nodes"
53,"onto_nodes","tbl_onto_nodes","Ontology Nodes"
123,"onto_nodes","tbl_onto_nodes","Ontology Nodes"
373,"onto_nodes","tbl_onto_nodes","Ontology Nodes"
374,"onto_nodes","tbl_onto_nodes","Ontology Nodes"
524,"onto_nodes","tbl_onto_nodes","Ontology Nodes"
526,"onto_nodes","tbl_onto_nodes","Ontology Nodes"
527,"onto_nodes","tbl_onto_nodes","Ontology Nodes"
528,"onto_nodes","tbl_onto_nodes","Ontology Nodes"
529,"onto_nodes","tbl_onto_nodes","Ontology Nodes"
559,"onto_nodes","tbl_onto_nodes","Ontology Nodes"
594,"onto_nodes","tbl_onto_nodes","Ontology Nodes"
595,"onto_nodes","tbl_onto_nodes","Ontology Nodes"
596,"onto_nodes","tbl_onto_nodes","Ontology Nodes"
22207,"onto_nodes","tbl_onto_nodes","Ontology Nodes"
796,"onto_nodes","tbl_onto_nodes","Ontology Nodes"
833,"onto_nodes","tbl_onto_nodes","Ontology Nodes"
853,"onto_nodes","tbl_onto_nodes","Ontology Nodes"
854,"onto_nodes","tbl_onto_nodes","Ontology Nodes"
855,"onto_nodes","tbl_onto_nodes","Ontology Nodes"
857,"onto_nodes","tbl_onto_nodes","Ontology Nodes"
892,"onto_nodes","tbl_onto_nodes","Ontology Nodes"
896,"onto_nodes","tbl_onto_nodes","Ontology Nodes"
929,"onto_nodes","tbl_onto_nodes","Ontology Nodes"
1026,"onto_nodes","tbl_onto_nodes","Ontology Nodes"
1093,"onto_nodes","tbl_onto_nodes","Ontology Nodes"
1117,"onto_nodes","tbl_onto_nodes","Ontology Nodes"
1118,"onto_nodes","tbl_onto_nodes","Ontology Nodes"
1121,"onto_nodes","tbl_onto_nodes","Ontology Nodes"
1170,"onto_nodes","tbl_onto_nodes","Ontology Nodes"
1179,"onto_nodes","tbl_onto_nodes","Ontology Nodes"
1207,"onto_nodes","tbl_onto_nodes","Ontology Nodes"
1208,"onto_nodes","tbl_onto_nodes","Ontology Nodes"
1241,"onto_nodes","tbl_onto_nodes","Ontology Nodes"
1262,"onto_nodes","tbl_onto_nodes","Ontology Nodes"
1263,"onto_nodes","tbl_onto_nodes","Ontology Nodes"
1267,"onto_nodes","tbl_onto_nodes","Ontology Nodes"
1268,"onto_nodes","tbl_onto_nodes","Ontology Nodes"
1358,"onto_nodes","tbl_onto_nodes","Ontology Nodes"
1374,"onto_nodes","tbl_onto_nodes","Ontology Nodes"
1447,"onto_nodes","tbl_onto_nodes","Ontology Nodes"
1451,"onto_nodes","tbl_onto_nodes","Ontology Nodes"
1455,"onto_nodes","tbl_onto_nodes","Ontology Nodes"
1464,"onto_nodes","tbl_onto_nodes","Ontology Nodes"
1586,"onto_nodes","tbl_onto_nodes","Ontology Nodes"
1609,"onto_nodes","tbl_onto_nodes","Ontology Nodes"
1662,"onto_nodes","tbl_onto_nodes","Ontology Nodes"
1730,"onto_nodes","tbl_onto_nodes","Ontology Nodes"
1737,"onto_nodes","tbl_onto_nodes","Ontology Nodes"
1807,"onto_nodes","tbl_onto_nodes","Ontology Nodes"
1811,"onto_nodes","tbl_onto_nodes","Ontology Nodes"
1812,"onto_nodes","tbl_onto_nodes","Ontology Nodes"
1850,"onto_nodes","tbl_onto_nodes","Ontology Nodes"
1920,"onto_nodes","tbl_onto_nodes","Ontology Nodes"
1921,"onto_nodes","tbl_onto_nodes","Ontology Nodes"
1922,"onto_nodes","tbl_onto_nodes","Ontology Nodes"
1963,"onto_nodes","tbl_onto_nodes","Ontology Nodes"
2066,"onto_nodes","tbl_onto_nodes","Ontology Nodes"
2092,"onto_nodes","tbl_onto_nodes","Ontology Nodes"
2093,"onto_nodes","tbl_onto_nodes","Ontology Nodes"
2094,"onto_nodes","tbl_onto_nodes","Ontology Nodes"
2095,"onto_nodes","tbl_onto_nodes","Ontology Nodes"
2102,"onto_nodes","tbl_onto_nodes","Ontology Nodes"
2107,"onto_nodes","tbl_onto_nodes","Ontology Nodes"
2116,"onto_nodes","tbl_onto_nodes","Ontology Nodes"
2147,"onto_nodes","tbl_onto_nodes","Ontology Nodes"
2148,"onto_nodes","tbl_onto_nodes","Ontology Nodes"
2243,"onto_nodes","tbl_onto_nodes","Ontology Nodes"
2244,"onto_nodes","tbl_onto_nodes","Ontology Nodes"
2297,"onto_nodes","tbl_onto_nodes","Ontology Nodes"
2367,"onto_nodes","tbl_onto_nodes","Ontology Nodes"
2368,"onto_nodes","tbl_onto_nodes","Ontology Nodes"
2445,"onto_nodes","tbl_onto_nodes","Ontology Nodes"
2479,"onto_nodes","tbl_onto_nodes","Ontology Nodes"
2620,"onto_nodes","tbl_onto_nodes","Ontology Nodes"
34431,"onto_nodes","tbl_onto_nodes","Ontology Nodes"
2624,"onto_nodes","tbl_onto_nodes","Ontology Nodes"
2647,"onto_nodes","tbl_onto_nodes","Ontology Nodes"
2689,"onto_nodes","tbl_onto_nodes","Ontology Nodes"
2785,"onto_nodes","tbl_onto_nodes","Ontology Nodes"
2813,"onto_nodes","tbl_onto_nodes","Ontology Nodes"
2814,"onto_nodes","tbl_onto_nodes","Ontology Nodes"
2824,"onto_nodes","tbl_onto_nodes","Ontology Nodes"
2827,"onto_nodes","tbl_onto_nodes","Ontology Nodes"
2868,"onto_nodes","tbl_onto_nodes","Ontology Nodes"
2879,"onto_nodes","tbl_onto_nodes","Ontology Nodes"
2887,"onto_nodes","tbl_onto_nodes","Ontology Nodes"
3075,"onto_nodes","tbl_onto_nodes","Ontology Nodes"
34415,"onto_nodes","tbl_onto_nodes","Ontology Nodes"
3150,"onto_nodes","tbl_onto_nodes","Ontology Nodes"
3201,"onto_nodes","tbl_onto_nodes","Ontology Nodes"
3220,"onto_nodes","tbl_onto_nodes","Ontology Nodes"
9058,"onto_nodes","tbl_onto_nodes","Ontology Nodes"
9478,"onto_nodes","tbl_onto_nodes","Ontology Nodes"
9502,"onto_nodes","tbl_onto_nodes","Ontology Nodes"
3640,"onto_nodes","tbl_onto_nodes","Ontology Nodes"
3641,"onto_nodes","tbl_onto_nodes","Ontology Nodes"
3726,"onto_nodes","tbl_onto_nodes","Ontology Nodes"
3895,"onto_nodes","tbl_onto_nodes","Ontology Nodes"
3916,"onto_nodes","tbl_onto_nodes","Ontology Nodes"
4044,"onto_nodes","tbl_onto_nodes","Ontology Nodes"
4083,"onto_nodes","tbl_onto_nodes","Ontology Nodes"
4084,"onto_nodes","tbl_onto_nodes","Ontology Nodes"
4250,"onto_nodes","tbl_onto_nodes","Ontology Nodes"
4257,"onto_nodes","tbl_onto_nodes","Ontology Nodes"
4258,"onto_nodes","tbl_onto_nodes","Ontology Nodes"
4468,"onto_nodes","tbl_onto_nodes","Ontology Nodes"
4501,"onto_nodes","tbl_onto_nodes","Ontology Nodes"
4556,"onto_nodes","tbl_onto_nodes","Ontology Nodes"
4557,"onto_nodes","tbl_onto_nodes","Ontology Nodes"
4558,"onto_nodes","tbl_onto_nodes","Ontology Nodes"
4663,"onto_nodes","tbl_onto_nodes","Ontology Nodes"
4667,"onto_nodes","tbl_onto_nodes","Ontology Nodes"
4723,"onto_nodes","tbl_onto_nodes","Ontology Nodes"
4728,"onto_nodes","tbl_onto_nodes","Ontology Nodes"
11097,"onto_nodes","tbl_onto_nodes","Ontology Nodes"
11097,"onto_nodes","tbl_onto_nodes","Ontology Nodes"
5486,"onto_nodes","tbl_onto_nodes","Ontology Nodes"
5487,"onto_nodes","tbl_onto_nodes","Ontology Nodes"
5537,"onto_nodes","tbl_onto_nodes","Ontology Nodes"
5609,"onto_nodes","tbl_onto_nodes","Ontology Nodes"
5673,"onto_nodes","tbl_onto_nodes","Ontology Nodes"
5933,"onto_nodes","tbl_onto_nodes","Ontology Nodes"
5934,"onto_nodes","tbl_onto_nodes","Ontology Nodes"
5935,"onto_nodes","tbl_onto_nodes","Ontology Nodes"
5946,"onto_nodes","tbl_onto_nodes","Ontology Nodes"
6088,"onto_nodes","tbl_onto_nodes","Ontology Nodes"
10819,"onto_nodes","tbl_onto_nodes","Ontology Nodes"
6274,"onto_nodes","tbl_onto_nodes","Ontology Nodes"
11083,"onto_nodes","tbl_onto_nodes","Ontology Nodes"
11091,"onto_nodes","tbl_onto_nodes","Ontology Nodes"
6364,"onto_nodes","tbl_onto_nodes","Ontology Nodes"
6458,"onto_nodes","tbl_onto_nodes","Ontology Nodes"
6459,"onto_nodes","tbl_onto_nodes","Ontology Nodes"
6460,"onto_nodes","tbl_onto_nodes","Ontology Nodes"
6468,"onto_nodes","tbl_onto_nodes","Ontology Nodes"
6621,"onto_nodes","tbl_onto_nodes","Ontology Nodes"
6712,"onto_nodes","tbl_onto_nodes","Ontology Nodes"
8978,"onto_nodes","tbl_onto_nodes","Ontology Nodes"
12368,"onto_nodes","tbl_onto_nodes","Ontology Nodes"
6768,"onto_nodes","tbl_onto_nodes","Ontology Nodes"
6769,"onto_nodes","tbl_onto_nodes","Ontology Nodes"
6907,"onto_nodes","tbl_onto_nodes","Ontology Nodes"
11357,"onto_nodes","tbl_onto_nodes","Ontology Nodes"
7161,"onto_nodes","tbl_onto_nodes","Ontology Nodes"
7162,"onto_nodes","tbl_onto_nodes","Ontology Nodes"
7208,"onto_nodes","tbl_onto_nodes","Ontology Nodes"
7210,"onto_nodes","tbl_onto_nodes","Ontology Nodes"
7211,"onto_nodes","tbl_onto_nodes","Ontology Nodes"
10980,"onto_nodes","tbl_onto_nodes","Ontology Nodes"
7249,"onto_nodes","tbl_onto_nodes","Ontology Nodes"
7264,"onto_nodes","tbl_onto_nodes","Ontology Nodes"
7265,"onto_nodes","tbl_onto_nodes","Ontology Nodes"
7390,"onto_nodes","tbl_onto_nodes","Ontology Nodes"
13175,"onto_nodes","tbl_onto_nodes","Ontology Nodes"
7872,"onto_nodes","tbl_onto_nodes","Ontology Nodes"
7875,"onto_nodes","tbl_onto_nodes","Ontology Nodes"
11701,"onto_nodes","tbl_onto_nodes","Ontology Nodes"
8212,"onto_nodes","tbl_onto_nodes","Ontology Nodes"
8219,"onto_nodes","tbl_onto_nodes","Ontology Nodes"
8220,"onto_nodes","tbl_onto_nodes","Ontology Nodes"
8465,"onto_nodes","tbl_onto_nodes","Ontology Nodes"
8465,"onto_nodes","tbl_onto_nodes","Ontology Nodes"
8471,"onto_nodes","tbl_onto_nodes","Ontology Nodes"
8480,"onto_nodes","tbl_onto_nodes","Ontology Nodes"
8551,"onto_nodes","tbl_onto_nodes","Ontology Nodes"
8583,"onto_nodes","tbl_onto_nodes","Ontology Nodes"
8706,"onto_nodes","tbl_onto_nodes","Ontology Nodes"
8861,"onto_nodes","tbl_onto_nodes","Ontology Nodes"
9016,"onto_nodes","tbl_onto_nodes","Ontology Nodes"
9077,"onto_nodes","tbl_onto_nodes","Ontology Nodes"
9105,"onto_nodes","tbl_onto_nodes","Ontology Nodes"
11154,"onto_nodes","tbl_onto_nodes","Ontology Nodes"
9594,"onto_nodes","tbl_onto_nodes","Ontology Nodes"
9597,"onto_nodes","tbl_onto_nodes","Ontology Nodes"
9603,"onto_nodes","tbl_onto_nodes","Ontology Nodes"
9611,"onto_nodes","tbl_onto_nodes","Ontology Nodes"
10870,"onto_nodes","tbl_onto_nodes","Ontology Nodes"
9664,"onto_nodes","tbl_onto_nodes","Ontology Nodes"
9665,"onto_nodes","tbl_onto_nodes","Ontology Nodes"
9737,"onto_nodes","tbl_onto_nodes","Ontology Nodes"
9882,"onto_nodes","tbl_onto_nodes","Ontology Nodes"
9883,"onto_nodes","tbl_onto_nodes","Ontology Nodes"
9891,"onto_nodes","tbl_onto_nodes","Ontology Nodes"
10084,"onto_nodes","tbl_onto_nodes","Ontology Nodes"
10085,"onto_nodes","tbl_onto_nodes","Ontology Nodes"
10187,"onto_nodes","tbl_onto_nodes","Ontology Nodes"
10191,"onto_nodes","tbl_onto_nodes","Ontology Nodes"
10435,"onto_nodes","tbl_onto_nodes","Ontology Nodes"
10759,"onto_nodes","tbl_onto_nodes","Ontology Nodes"
10786,"onto_nodes","tbl_onto_nodes","Ontology Nodes"
12672,"onto_nodes","tbl_onto_nodes","Ontology Nodes"
10797,"onto_nodes","tbl_onto_nodes","Ontology Nodes"
10811,"onto_nodes","tbl_onto_nodes","Ontology Nodes"
10827,"onto_nodes","tbl_onto_nodes","Ontology Nodes"
10835,"onto_nodes","tbl_onto_nodes","Ontology Nodes"
10845,"onto_nodes","tbl_onto_nodes","Ontology Nodes"
10889,"onto_nodes","tbl_onto_nodes","Ontology Nodes"
10930,"onto_nodes","tbl_onto_nodes","Ontology Nodes"
10972,"onto_nodes","tbl_onto_nodes","Ontology Nodes"
10973,"onto_nodes","tbl_onto_nodes","Ontology Nodes"
10974,"onto_nodes","tbl_onto_nodes","Ontology Nodes"
10982,"onto_nodes","tbl_onto_nodes","Ontology Nodes"
11026,"onto_nodes","tbl_onto_nodes","Ontology Nodes"
11074,"onto_nodes","tbl_onto_nodes","Ontology Nodes"
11076,"onto_nodes","tbl_onto_nodes","Ontology Nodes"
13310,"onto_nodes","tbl_onto_nodes","Ontology Nodes"
11082,"onto_nodes","tbl_onto_nodes","Ontology Nodes"
11084,"onto_nodes","tbl_onto_nodes","Ontology Nodes"
11086,"onto_nodes","tbl_onto_nodes","Ontology Nodes"
11090,"onto_nodes","tbl_onto_nodes","Ontology Nodes"
11099,"onto_nodes","tbl_onto_nodes","Ontology Nodes"
11100,"onto_nodes","tbl_onto_nodes","Ontology Nodes"
11104,"onto_nodes","tbl_onto_nodes","Ontology Nodes"
11105,"onto_nodes","tbl_onto_nodes","Ontology Nodes"
11108,"onto_nodes","tbl_onto_nodes","Ontology Nodes"
11113,"onto_nodes","tbl_onto_nodes","Ontology Nodes"
11141,"onto_nodes","tbl_onto_nodes","Ontology Nodes"
11157,"onto_nodes","tbl_onto_nodes","Ontology Nodes"
11163,"onto_nodes","tbl_onto_nodes","Ontology Nodes"
11169,"onto_nodes","tbl_onto_nodes","Ontology Nodes"
11236,"onto_nodes","tbl_onto_nodes","Ontology Nodes"
11328,"onto_nodes","tbl_onto_nodes","Ontology Nodes"
11702,"onto_nodes","tbl_onto_nodes","Ontology Nodes"
11703,"onto_nodes","tbl_onto_nodes","Ontology Nodes"
11704,"onto_nodes","tbl_onto_nodes","Ontology Nodes"
11739,"onto_nodes","tbl_onto_nodes","Ontology Nodes"
11920,"onto_nodes","tbl_onto_nodes","Ontology Nodes"
11921,"onto_nodes","tbl_onto_nodes","Ontology Nodes"
11941,"onto_nodes","tbl_onto_nodes","Ontology Nodes"
12057,"onto_nodes","tbl_onto_nodes","Ontology Nodes"
12064,"onto_nodes","tbl_onto_nodes","Ontology Nodes"
12218,"onto_nodes","tbl_onto_nodes","Ontology Nodes"
12269,"onto_nodes","tbl_onto_nodes","Ontology Nodes"
12314,"onto_nodes","tbl_onto_nodes","Ontology Nodes"
12315,"onto_nodes","tbl_onto_nodes","Ontology Nodes"
12316,"onto_nodes","tbl_onto_nodes","Ontology Nodes"
12317,"onto_nodes","tbl_onto_nodes","Ontology Nodes"
12384,"onto_nodes","tbl_onto_nodes","Ontology Nodes"
12649,"onto_nodes","tbl_onto_nodes","Ontology Nodes"
12651,"onto_nodes","tbl_onto_nodes","Ontology Nodes"
12676,"onto_nodes","tbl_onto_nodes","Ontology Nodes"
13309,"onto_nodes","tbl_onto_nodes","Ontology Nodes"
12899,"onto_nodes","tbl_onto_nodes","Ontology Nodes"
12901,"onto_nodes","tbl_onto_nodes","Ontology Nodes"
12924,"onto_nodes","tbl_onto_nodes","Ontology Nodes"
13133,"onto_nodes","tbl_onto_nodes","Ontology Nodes"
13176,"onto_nodes","tbl_onto_nodes","Ontology Nodes"
13178,"onto_nodes","tbl_onto_nodes","Ontology Nodes"
13205,"onto_nodes","tbl_onto_nodes","Ontology Nodes"
13340,"onto_nodes","tbl_onto_nodes","Ontology Nodes"
13455,"onto_nodes","tbl_onto_nodes","Ontology Nodes"
13474,"onto_nodes","tbl_onto_nodes","Ontology Nodes"
13550,"onto_nodes","tbl_onto_nodes","Ontology Nodes"
13562,"onto_nodes","tbl_onto_nodes","Ontology Nodes"
13752,"onto_nodes","tbl_onto_nodes","Ontology Nodes"
13909,"onto_nodes","tbl_onto_nodes","Ontology Nodes"
5766,"onto_nodes","tbl_onto_nodes","Ontology Nodes"
8522,"onto_nodes","tbl_onto_nodes","Ontology Nodes"
8992,"onto_nodes","tbl_onto_nodes","Ontology Nodes"
14108,"onto_nodes","tbl_onto_nodes","Ontology Nodes"
14109,"onto_nodes","tbl_onto_nodes","Ontology Nodes"
14421,"onto_nodes","tbl_onto_nodes","Ontology Nodes"
14619,"onto_nodes","tbl_onto_nodes","Ontology Nodes"
14680,"onto_nodes","tbl_onto_nodes","Ontology Nodes"
14752,"onto_nodes","tbl_onto_nodes","Ontology Nodes"
14816,"onto_nodes","tbl_onto_nodes","Ontology Nodes"
14824,"onto_nodes","tbl_onto_nodes","Ontology Nodes"
14991,"onto_nodes","tbl_onto_nodes","Ontology Nodes"
15437,"onto_nodes","tbl_onto_nodes","Ontology Nodes"
15496,"onto_nodes","tbl_onto_nodes","Ontology Nodes"
15623,"onto_nodes","tbl_onto_nodes","Ontology Nodes"
15675,"onto_nodes","tbl_onto_nodes","Ontology Nodes"
16207,"onto_nodes","tbl_onto_nodes","Ontology Nodes"
16211,"onto_nodes","tbl_onto_nodes","Ontology Nodes"
17370,"onto_nodes","tbl_onto_nodes","Ontology Nodes"
17931,"onto_nodes","tbl_onto_nodes","Ontology Nodes"
17945,"onto_nodes","tbl_onto_nodes","Ontology Nodes"
18059,"onto_nodes","tbl_onto_nodes","Ontology Nodes"
18060,"onto_nodes","tbl_onto_nodes","Ontology Nodes"
18100,"onto_nodes","tbl_onto_nodes","Ontology Nodes"
18939,"onto_nodes","tbl_onto_nodes","Ontology Nodes"
18972,"onto_nodes","tbl_onto_nodes","Ontology Nodes"
19130,"onto_nodes","tbl_onto_nodes","Ontology Nodes"
19203,"onto_nodes","tbl_onto_nodes","Ontology Nodes"
19209,"onto_nodes","tbl_onto_nodes","Ontology Nodes"
19292,"onto_nodes","tbl_onto_nodes","Ontology Nodes"
19562,"onto_nodes","tbl_onto_nodes","Ontology Nodes"
19572,"onto_nodes","tbl_onto_nodes","Ontology Nodes"
19588,"onto_nodes","tbl_onto_nodes","Ontology Nodes"
20249,"onto_nodes","tbl_onto_nodes","Ontology Nodes"
20250,"onto_nodes","tbl_onto_nodes","Ontology Nodes"
20703,"onto_nodes","tbl_onto_nodes","Ontology Nodes"
20897,"onto_nodes","tbl_onto_nodes","Ontology Nodes"
20898,"onto_nodes","tbl_onto_nodes","Ontology Nodes"
20898,"onto_nodes","tbl_onto_nodes","Ontology Nodes"
21460,"onto_nodes","tbl_onto_nodes","Ontology Nodes"
21986,"onto_nodes","tbl_onto_nodes","Ontology Nodes"
21988,"onto_nodes","tbl_onto_nodes","Ontology Nodes"
21989,"onto_nodes","tbl_onto_nodes","Ontology Nodes"
21990,"onto_nodes","tbl_onto_nodes","Ontology Nodes"
21991,"onto_nodes","tbl_onto_nodes","Ontology Nodes"
22150,"onto_nodes","tbl_onto_nodes","Ontology Nodes"
22208,"onto_nodes","tbl_onto_nodes","Ontology Nodes"
22209,"onto_nodes","tbl_onto_nodes","Ontology Nodes"
22210,"onto_nodes","tbl_onto_nodes","Ontology Nodes"
22211,"onto_nodes","tbl_onto_nodes","Ontology Nodes"
22212,"onto_nodes","tbl_onto_nodes","Ontology Nodes"
22928,"onto_nodes","tbl_onto_nodes","Ontology Nodes"
22931,"onto_nodes","tbl_onto_nodes","Ontology Nodes"
22932,"onto_nodes","tbl_onto_nodes","Ontology Nodes"
22933,"onto_nodes","tbl_onto_nodes","Ontology Nodes"
22937,"onto_nodes","tbl_onto_nodes","Ontology Nodes"
22938,"onto_nodes","tbl_onto_nodes","Ontology Nodes"
22939,"onto_nodes","tbl_onto_nodes","Ontology Nodes"
22940,"onto_nodes","tbl_onto_nodes","Ontology Nodes"
22941,"onto_nodes","tbl_onto_nodes","Ontology Nodes"
22955,"onto_nodes","tbl_onto_nodes","Ontology Nodes"
23026,"onto_nodes","tbl_onto_nodes","Ontology Nodes"
23236,"onto_nodes","tbl_onto_nodes","Ontology Nodes"
23755,"onto_nodes","tbl_onto_nodes","Ontology Nodes"
23771,"onto_nodes","tbl_onto_nodes","Ontology Nodes"
23772,"onto_nodes","tbl_onto_nodes","Ontology Nodes"
23773,"onto_nodes","tbl_onto_nodes","Ontology Nodes"
23775,"onto_nodes","tbl_onto_nodes","Ontology Nodes"
23778,"onto_nodes","tbl_onto_nodes","Ontology Nodes"
23786,"onto_nodes","tbl_onto_nodes","Ontology Nodes"
24222,"onto_nodes","tbl_onto_nodes","Ontology Nodes"
24238,"onto_nodes","tbl_onto_nodes","Ontology Nodes"
24384,"onto_nodes","tbl_onto_nodes","Ontology Nodes"
24504,"onto_nodes","tbl_onto_nodes","Ontology Nodes"
24589,"onto_nodes","tbl_onto_nodes","Ontology Nodes"
24615,"onto_nodes","tbl_onto_nodes","Ontology Nodes"
24620,"onto_nodes","tbl_onto_nodes","Ontology Nodes"
24746,"onto_nodes","tbl_onto_nodes","Ontology Nodes"
25047,"onto_nodes","tbl_onto_nodes","Ontology Nodes"
25225,"onto_nodes","tbl_onto_nodes","Ontology Nodes"
25424,"onto_nodes","tbl_onto_nodes","Ontology Nodes"
25552,"onto_nodes","tbl_onto_nodes","Ontology Nodes"
26310,"onto_nodes","tbl_onto_nodes","Ontology Nodes"
26759,"onto_nodes","tbl_onto_nodes","Ontology Nodes"
27635,"onto_nodes","tbl_onto_nodes","Ontology Nodes"
27740,"onto_nodes","tbl_onto_nodes","Ontology Nodes"
28094,"onto_nodes","tbl_onto_nodes","Ontology Nodes"
28129,"onto_nodes","tbl_onto_nodes","Ontology Nodes"
28154,"onto_nodes","tbl_onto_nodes","Ontology Nodes"
28167,"onto_nodes","tbl_onto_nodes","Ontology Nodes"
28171,"onto_nodes","tbl_onto_nodes","Ontology Nodes"
28181,"onto_nodes","tbl_onto_nodes","Ontology Nodes"
28197,"onto_nodes","tbl_onto_nodes","Ontology Nodes"
28209,"onto_nodes","tbl_onto_nodes","Ontology Nodes"
28223,"onto_nodes","tbl_onto_nodes","Ontology Nodes"
28224,"onto_nodes","tbl_onto_nodes","Ontology Nodes"
28602,"onto_nodes","tbl_onto_nodes","Ontology Nodes"
28610,"onto_nodes","tbl_onto_nodes","Ontology Nodes"
29151,"onto_nodes","tbl_onto_nodes","Ontology Nodes"
30174,"onto_nodes","tbl_onto_nodes","Ontology Nodes"
30692,"onto_nodes","tbl_onto_nodes","Ontology Nodes"
30693,"onto_nodes","tbl_onto_nodes","Ontology Nodes"
30991,"onto_nodes","tbl_onto_nodes","Ontology Nodes"
31100,"onto_nodes","tbl_onto_nodes","Ontology Nodes"
31676,"onto_nodes","tbl_onto_nodes","Ontology Nodes"
31986,"onto_nodes","tbl_onto_nodes","Ontology Nodes"
32399,"onto_nodes","tbl_onto_nodes","Ontology Nodes"
32591,"onto_nodes","tbl_onto_nodes","Ontology Nodes"
32637,"onto_nodes","tbl_onto_nodes","Ontology Nodes"
32638,"onto_nodes","tbl_onto_nodes","Ontology Nodes"
32639,"onto_nodes","tbl_onto_nodes","Ontology Nodes"
32640,"onto_nodes","tbl_onto_nodes","Ontology Nodes"
33843,"onto_nodes","tbl_onto_nodes","Ontology Nodes"
33843,"onto_nodes","tbl_onto_nodes","Ontology Nodes"
33850,"onto_nodes","tbl_onto_nodes","Ontology Nodes"
33922,"onto_nodes","tbl_onto_nodes","Ontology Nodes"
34198,"onto_nodes","tbl_onto_nodes","Ontology Nodes"
34199,"onto_nodes","tbl_onto_nodes","Ontology Nodes"
34257,"onto_nodes","tbl_onto_nodes","Ontology Nodes"
34258,"onto_nodes","tbl_onto_nodes","Ontology Nodes"
34295,"onto_nodes","tbl_onto_nodes","Ontology Nodes"
34330,"onto_nodes","tbl_onto_nodes","Ontology Nodes"
34374,"onto_nodes","tbl_onto_nodes","Ontology Nodes"
35067,"onto_nodes","tbl_onto_nodes","Ontology Nodes"
34412,"onto_nodes","tbl_onto_nodes","Ontology Nodes"
34416,"onto_nodes","tbl_onto_nodes","Ontology Nodes"
34455,"onto_nodes","tbl_onto_nodes","Ontology Nodes"
34475,"onto_nodes","tbl_onto_nodes","Ontology Nodes"
34481,"onto_nodes","tbl_onto_nodes","Ontology Nodes"
34526,"onto_nodes","tbl_onto_nodes","Ontology Nodes"
34529,"onto_nodes","tbl_onto_nodes","Ontology Nodes"
34532,"onto_nodes","tbl_onto_nodes","Ontology Nodes"
34593,"onto_nodes","tbl_onto_nodes","Ontology Nodes"
34620,"onto_nodes","tbl_onto_nodes","Ontology Nodes"
34624,"onto_nodes","tbl_onto_nodes","Ontology Nodes"
34654,"onto_nodes","tbl_onto_nodes","Ontology Nodes"
34714,"onto_nodes","tbl_onto_nodes","Ontology Nodes"
34787,"onto_nodes","tbl_onto_nodes","Ontology Nodes"
34793,"onto_nodes","tbl_onto_nodes","Ontology Nodes"
34805,"onto_nodes","tbl_onto_nodes","Ontology Nodes"
34834,"onto_nodes","tbl_onto_nodes","Ontology Nodes"
34837,"onto_nodes","tbl_onto_nodes","Ontology Nodes"
34838,"onto_nodes","tbl_onto_nodes","Ontology Nodes"
34841,"onto_nodes","tbl_onto_nodes","Ontology Nodes"
34857,"onto_nodes","tbl_onto_nodes","Ontology Nodes"
34925,"onto_nodes","tbl_onto_nodes","Ontology Nodes"
34933,"onto_nodes","tbl_onto_nodes","Ontology Nodes"
34937,"onto_nodes","tbl_onto_nodes","Ontology Nodes"
34938,"onto_nodes","tbl_onto_nodes","Ontology Nodes"
34940,"onto_nodes","tbl_onto_nodes","Ontology Nodes"
34954,"onto_nodes","tbl_onto_nodes","Ontology Nodes"
34955,"onto_nodes","tbl_onto_nodes","Ontology Nodes"
35007,"onto_nodes","tbl_onto_nodes","Ontology Nodes"
35042,"onto_nodes","tbl_onto_nodes","Ontology Nodes"
35042,"onto_nodes","tbl_onto_nodes","Ontology Nodes"
35045,"onto_nodes","tbl_onto_nodes","Ontology Nodes"
35055,"onto_nodes","tbl_onto_nodes","Ontology Nodes"
35063,"onto_nodes","tbl_onto_nodes","Ontology Nodes"
35075,"onto_nodes","tbl_onto_nodes","Ontology Nodes"
35076,"onto_nodes","tbl_onto_nodes","Ontology Nodes"
35077,"onto_nodes","tbl_onto_nodes","Ontology Nodes"
35208,"onto_nodes","tbl_onto_nodes","Ontology Nodes"
35279,"onto_nodes","tbl_onto_nodes","Ontology Nodes"
35289,"onto_nodes","tbl_onto_nodes","Ontology Nodes"
35297,"onto_nodes","tbl_onto_nodes","Ontology Nodes"
35398,"onto_nodes","tbl_onto_nodes","Ontology Nodes"
35454,"onto_nodes","tbl_onto_nodes","Ontology Nodes"
35465,"onto_nodes","tbl_onto_nodes","Ontology Nodes"
35466,"onto_nodes","tbl_onto_nodes","Ontology Nodes"
35498,"onto_nodes","tbl_onto_nodes","Ontology Nodes"
35515,"onto_nodes","tbl_onto_nodes","Ontology Nodes"
35551,"onto_nodes","tbl_onto_nodes","Ontology Nodes"
35611,"onto_nodes","tbl_onto_nodes","Ontology Nodes"
35635,"onto_nodes","tbl_onto_nodes","Ontology Nodes"
35651,"onto_nodes","tbl_onto_nodes","Ontology Nodes"
35653,"onto_nodes","tbl_onto_nodes","Ontology Nodes"
35664,"onto_nodes","tbl_onto_nodes","Ontology Nodes"
52,"derived_from","tbl_adverb_derived_from","Derived From"
2102,"derived_from","tbl_adverb_derived_from","Derived From"
2297,"derived_from","tbl_adverb_derived_from","Derived From"
2824,"derived_from","tbl_adverb_derived_from","Derived From"
3075,"derived_from","tbl_adverb_derived_from","Derived From"
53,"derived_from","tbl_adverb_derived_from","Derived From"
527,"derived_from","tbl_adverb_derived_from","Derived From"
528,"derived_from","tbl_adverb_derived_from","Derived From"
529,"derived_from","tbl_adverb_derived_from","Derived From"
559,"derived_from","tbl_adverb_derived_from","Derived From"
595,"derived_from","tbl_adverb_derived_from","Derived From"
796,"derived_from","tbl_adverb_derived_from","Derived From"
1026,"derived_from","tbl_adverb_derived_from","Derived From"
2147,"derived_from","tbl_adverb_derived_from","Derived From"
2243,"derived_from","tbl_adverb_derived_from","Derived From"
2244,"derived_from","tbl_adverb_derived_from","Derived From"
1121,"derived_from","tbl_adverb_derived_from","Derived From"
1464,"derived_from","tbl_adverb_derived_from","Derived From"
2445,"derived_from","tbl_adverb_derived_from","Derived From"
2624,"derived_from","tbl_adverb_derived_from","Derived From"
2827,"derived_from","tbl_adverb_derived_from","Derived From"
3640,"derived_from","tbl_adverb_derived_from","Derived From"
3641,"derived_from","tbl_adverb_derived_from","Derived From"
4556,"derived_from","tbl_adverb_derived_from","Derived From"
4557,"derived_from","tbl_adverb_derived_from","Derived From"
855,"derived_from","tbl_adverb_derived_from","Derived From"
854,"derived_from","tbl_adverb_derived_from","Derived From"
5609,"derived_from","tbl_adverb_derived_from","Derived From"
1241,"derived_from","tbl_adverb_derived_from","Derived From"
857,"derived_from","tbl_adverb_derived_from","Derived From"
9882,"derived_from","tbl_adverb_derived_from","Derived From"
8465,"derived_from","tbl_adverb_derived_from","Derived From"
10435,"derived_from","tbl_adverb_derived_from","Derived From"
10889,"derived_from","tbl_adverb_derived_from","Derived From"
11100,"derived_from","tbl_adverb_derived_from","Derived From"
11105,"derived_from","tbl_adverb_derived_from","Derived From"
11169,"derived_from","tbl_adverb_derived_from","Derived From"
11357,"derived_from","tbl_adverb_derived_from","Derived From"
3726,"derived_from","tbl_adverb_derived_from","Derived From"
10759,"derived_from","tbl_adverb_derived_from","Derived From"
12064,"derived_from","tbl_adverb_derived_from","Derived From"
12064,"derived_from","tbl_adverb_derived_from","Derived From"
12647,"derived_from","tbl_adverb_derived_from","Derived From"
9058,"derived_from","tbl_adverb_derived_from","Derived From"
9478,"derived_from","tbl_adverb_derived_from","Derived From"
13807,"derived_from","tbl_adverb_derived_from","Derived From"
13752,"derived_from","tbl_adverb_derived_from","Derived From"
8992,"derived_from","tbl_adverb_derived_from","Derived From"
12899,"derived_from","tbl_adverb_derived_from","Derived From"
12901,"derived_from","tbl_adverb_derived_from","Derived From"
12924,"derived_from","tbl_adverb_derived_from","Derived From"
13133,"derived_from","tbl_adverb_derived_from","Derived From"
9105,"derived_from","tbl_adverb_derived_from","Derived From"
4663,"derived_from","tbl_adverb_derived_from","Derived From"
12672,"derived_from","tbl_adverb_derived_from","Derived From"
11074,"derived_from","tbl_adverb_derived_from","Derived From"
14619,"derived_from","tbl_adverb_derived_from","Derived From"
14680,"derived_from","tbl_adverb_derived_from","Derived From"
14680,"derived_from","tbl_adverb_derived_from","Derived From"
14752,"derived_from","tbl_adverb_derived_from","Derived From"
16207,"derived_from","tbl_adverb_derived_from","Derived From"
16211,"derived_from","tbl_adverb_derived_from","Derived From"
13474,"derived_from","tbl_adverb_derived_from","Derived From"
18059,"derived_from","tbl_adverb_derived_from","Derived From"
18060,"derived_from","tbl_adverb_derived_from","Derived From"
18100,"derived_from","tbl_adverb_derived_from","Derived From"
18100,"derived_from","tbl_adverb_derived_from","Derived From"
19130,"derived_from","tbl_adverb_derived_from","Derived From"
52,"modifies_verb","tbl_adverb_modifies_verb","Modifies Verb"
52,"modifies_verb","tbl_adverb_modifies_verb","Modifies Verb"
2066,"modifies_verb","tbl_adverb_modifies_verb","Modifies Verb"
2116,"modifies_verb","tbl_adverb_modifies_verb","Modifies Verb"
2116,"modifies_verb","tbl_adverb_modifies_verb","Modifies Verb"
2297,"modifies_verb","tbl_adverb_modifies_verb","Modifies Verb"
2297,"modifies_verb","tbl_adverb_modifies_verb","Modifies Verb"
2647,"modifies_verb","tbl_adverb_modifies_verb","Modifies Verb"
2647,"modifies_verb","tbl_adverb_modifies_verb","Modifies Verb"
2689,"modifies_verb","tbl_adverb_modifies_verb","Modifies Verb"
2824,"modifies_verb","tbl_adverb_modifies_verb","Modifies Verb"
2868,"modifies_verb","tbl_adverb_modifies_verb","Modifies Verb"
3075,"modifies_verb","tbl_adverb_modifies_verb","Modifies Verb"
3075,"modifies_verb","tbl_adverb_modifies_verb","Modifies Verb"
53,"modifies_verb","tbl_adverb_modifies_verb","Modifies Verb"
53,"modifies_verb","tbl_adverb_modifies_verb","Modifies Verb"
373,"modifies_verb","tbl_adverb_modifies_verb","Modifies Verb"
373,"modifies_verb","tbl_adverb_modifies_verb","Modifies Verb"
374,"modifies_verb","tbl_adverb_modifies_verb","Modifies Verb"
524,"modifies_verb","tbl_adverb_modifies_verb","Modifies Verb"
526,"modifies_verb","tbl_adverb_modifies_verb","Modifies Verb"
559,"modifies_verb","tbl_adverb_modifies_verb","Modifies Verb"
595,"modifies_verb","tbl_adverb_modifies_verb","Modifies Verb"
796,"modifies_verb","tbl_adverb_modifies_verb","Modifies Verb"
796,"modifies_verb","tbl_adverb_modifies_verb","Modifies Verb"
853,"modifies_verb","tbl_adverb_modifies_verb","Modifies Verb"
5933,"modifies_verb","tbl_adverb_modifies_verb","Modifies Verb"
896,"modifies_verb","tbl_adverb_modifies_verb","Modifies Verb"
896,"modifies_verb","tbl_adverb_modifies_verb","Modifies Verb"
1609,"modifies_verb","tbl_adverb_modifies_verb","Modifies Verb"
1609,"modifies_verb","tbl_adverb_modifies_verb","Modifies Verb"
1850,"modifies_verb","tbl_adverb_modifies_verb","Modifies Verb"
1963,"modifies_verb","tbl_adverb_modifies_verb","Modifies Verb"
1208,"modifies_verb","tbl_adverb_modifies_verb","Modifies Verb"
1262,"modifies_verb","tbl_adverb_modifies_verb","Modifies Verb"
1262,"modifies_verb","tbl_adverb_modifies_verb","Modifies Verb"
1263,"modifies_verb","tbl_adverb_modifies_verb","Modifies Verb"
1263,"modifies_verb","tbl_adverb_modifies_verb","Modifies Verb"
1358,"modifies_verb","tbl_adverb_modifies_verb","Modifies Verb"
2107,"modifies_verb","tbl_adverb_modifies_verb","Modifies Verb"
2107,"modifies_verb","tbl_adverb_modifies_verb","Modifies Verb"
2146,"modifies_verb","tbl_adverb_modifies_verb","Modifies Verb"
2146,"modifies_verb","tbl_adverb_modifies_verb","Modifies Verb"
2243,"modifies_verb","tbl_adverb_modifies_verb","Modifies Verb"
2244,"modifies_verb","tbl_adverb_modifies_verb","Modifies Verb"
1121,"modifies_verb","tbl_adverb_modifies_verb","Modifies Verb"
1464,"modifies_verb","tbl_adverb_modifies_verb","Modifies Verb"
1464,"modifies_verb","tbl_adverb_modifies_verb","Modifies Verb"
2445,"modifies_verb","tbl_adverb_modifies_verb","Modifies Verb"
2479,"modifies_verb","tbl_adverb_modifies_verb","Modifies Verb"
1093,"modifies_verb","tbl_adverb_modifies_verb","Modifies Verb"
2620,"modifies_verb","tbl_adverb_modifies_verb","Modifies Verb"
2620,"modifies_verb","tbl_adverb_modifies_verb","Modifies Verb"
2624,"modifies_verb","tbl_adverb_modifies_verb","Modifies Verb"
2624,"modifies_verb","tbl_adverb_modifies_verb","Modifies Verb"
892,"modifies_verb","tbl_adverb_modifies_verb","Modifies Verb"
892,"modifies_verb","tbl_adverb_modifies_verb","Modifies Verb"
2813,"modifies_verb","tbl_adverb_modifies_verb","Modifies Verb"
2814,"modifies_verb","tbl_adverb_modifies_verb","Modifies Verb"
929,"modifies_verb","tbl_adverb_modifies_verb","Modifies Verb"
929,"modifies_verb","tbl_adverb_modifies_verb","Modifies Verb"
2827,"modifies_verb","tbl_adverb_modifies_verb","Modifies Verb"
2879,"modifies_verb","tbl_adverb_modifies_verb","Modifies Verb"
3150,"modifies_verb","tbl_adverb_modifies_verb","Modifies Verb"
3201,"modifies_verb","tbl_adverb_modifies_verb","Modifies Verb"
3220,"modifies_verb","tbl_adverb_modifies_verb","Modifies Verb"
3640,"modifies_verb","tbl_adverb_modifies_verb","Modifies Verb"
3641,"modifies_verb","tbl_adverb_modifies_verb","Modifies Verb"
3916,"modifies_verb","tbl_adverb_modifies_verb","Modifies Verb"
4044,"modifies_verb","tbl_adverb_modifies_verb","Modifies Verb"
4044,"modifies_verb","tbl_adverb_modifies_verb","Modifies Verb"
4083,"modifies_verb","tbl_adverb_modifies_verb","Modifies Verb"
4083,"modifies_verb","tbl_adverb_modifies_verb","Modifies Verb"
4084,"modifies_verb","tbl_adverb_modifies_verb","Modifies Verb"
4257,"modifies_verb","tbl_adverb_modifies_verb","Modifies Verb"
4257,"modifies_verb","tbl_adverb_modifies_verb","Modifies Verb"
4258,"modifies_verb","tbl_adverb_modifies_verb","Modifies Verb"
4556,"modifies_verb","tbl_adverb_modifies_verb","Modifies Verb"
4557,"modifies_verb","tbl_adverb_modifies_verb","Modifies Verb"
4558,"modifies_verb","tbl_adverb_modifies_verb","Modifies Verb"
4667,"modifies_verb","tbl_adverb_modifies_verb","Modifies Verb"
4723,"modifies_verb","tbl_adverb_modifies_verb","Modifies Verb"
4728,"modifies_verb","tbl_adverb_modifies_verb","Modifies Verb"
4728,"modifies_verb","tbl_adverb_modifies_verb","Modifies Verb"
4468,"modifies_verb","tbl_adverb_modifies_verb","Modifies Verb"
855,"modifies_verb","tbl_adverb_modifies_verb","Modifies Verb"
854,"modifies_verb","tbl_adverb_modifies_verb","Modifies Verb"
833,"modifies_verb","tbl_adverb_modifies_verb","Modifies Verb"
596,"modifies_verb","tbl_adverb_modifies_verb","Modifies Verb"
594,"modifies_verb","tbl_adverb_modifies_verb","Modifies Verb"
5487,"modifies_verb","tbl_adverb_modifies_verb","Modifies Verb"
5486,"modifies_verb","tbl_adverb_modifies_verb","Modifies Verb"
5537,"modifies_verb","tbl_adverb_modifies_verb","Modifies Verb"
5609,"modifies_verb","tbl_adverb_modifies_verb","Modifies Verb"
5609,"modifies_verb","tbl_adverb_modifies_verb","Modifies Verb"
5673,"modifies_verb","tbl_adverb_modifies_verb","Modifies Verb"
1241,"modifies_verb","tbl_adverb_modifies_verb","Modifies Verb"
1737,"modifies_verb","tbl_adverb_modifies_verb","Modifies Verb"
6088,"modifies_verb","tbl_adverb_modifies_verb","Modifies Verb"
4501,"modifies_verb","tbl_adverb_modifies_verb","Modifies Verb"
857,"modifies_verb","tbl_adverb_modifies_verb","Modifies Verb"
6274,"modifies_verb","tbl_adverb_modifies_verb","Modifies Verb"
6364,"modifies_verb","tbl_adverb_modifies_verb","Modifies Verb"
6364,"modifies_verb","tbl_adverb_modifies_verb","Modifies Verb"
7161,"modifies_verb","tbl_adverb_modifies_verb","Modifies Verb"
7161,"modifies_verb","tbl_adverb_modifies_verb","Modifies Verb"
7162,"modifies_verb","tbl_adverb_modifies_verb","Modifies Verb"
7249,"modifies_verb","tbl_adverb_modifies_verb","Modifies Verb"
7390,"modifies_verb","tbl_adverb_modifies_verb","Modifies Verb"
8212,"modifies_verb","tbl_adverb_modifies_verb","Modifies Verb"
7872,"modifies_verb","tbl_adverb_modifies_verb","Modifies Verb"
6712,"modifies_verb","tbl_adverb_modifies_verb","Modifies Verb"
6768,"modifies_verb","tbl_adverb_modifies_verb","Modifies Verb"
7264,"modifies_verb","tbl_adverb_modifies_verb","Modifies Verb"
7264,"modifies_verb","tbl_adverb_modifies_verb","Modifies Verb"
7265,"modifies_verb","tbl_adverb_modifies_verb","Modifies Verb"
7211,"modifies_verb","tbl_adverb_modifies_verb","Modifies Verb"
7211,"modifies_verb","tbl_adverb_modifies_verb","Modifies Verb"
7210,"modifies_verb","tbl_adverb_modifies_verb","Modifies Verb"
7210,"modifies_verb","tbl_adverb_modifies_verb","Modifies Verb"
9594,"modifies_verb","tbl_adverb_modifies_verb","Modifies Verb"
9594,"modifies_verb","tbl_adverb_modifies_verb","Modifies Verb"
9597,"modifies_verb","tbl_adverb_modifies_verb","Modifies Verb"
9597,"modifies_verb","tbl_adverb_modifies_verb","Modifies Verb"
9603,"modifies_verb","tbl_adverb_modifies_verb","Modifies Verb"
9611,"modifies_verb","tbl_adverb_modifies_verb","Modifies Verb"
8219,"modifies_verb","tbl_adverb_modifies_verb","Modifies Verb"
9737,"modifies_verb","tbl_adverb_modifies_verb","Modifies Verb"
9737,"modifies_verb","tbl_adverb_modifies_verb","Modifies Verb"
9882,"modifies_verb","tbl_adverb_modifies_verb","Modifies Verb"
9883,"modifies_verb","tbl_adverb_modifies_verb","Modifies Verb"
9891,"modifies_verb","tbl_adverb_modifies_verb","Modifies Verb"
8465,"modifies_verb","tbl_adverb_modifies_verb","Modifies Verb"
8471,"modifies_verb","tbl_adverb_modifies_verb","Modifies Verb"
8522,"modifies_verb","tbl_adverb_modifies_verb","Modifies Verb"
8522,"modifies_verb","tbl_adverb_modifies_verb","Modifies Verb"
8706,"modifies_verb","tbl_adverb_modifies_verb","Modifies Verb"
8706,"modifies_verb","tbl_adverb_modifies_verb","Modifies Verb"
10084,"modifies_verb","tbl_adverb_modifies_verb","Modifies Verb"
10085,"modifies_verb","tbl_adverb_modifies_verb","Modifies Verb"
10187,"modifies_verb","tbl_adverb_modifies_verb","Modifies Verb"
10187,"modifies_verb","tbl_adverb_modifies_verb","Modifies Verb"
10191,"modifies_verb","tbl_adverb_modifies_verb","Modifies Verb"
10435,"modifies_verb","tbl_adverb_modifies_verb","Modifies Verb"
10786,"modifies_verb","tbl_adverb_modifies_verb","Modifies Verb"
10786,"modifies_verb","tbl_adverb_modifies_verb","Modifies Verb"
10835,"modifies_verb","tbl_adverb_modifies_verb","Modifies Verb"
10889,"modifies_verb","tbl_adverb_modifies_verb","Modifies Verb"
10889,"modifies_verb","tbl_adverb_modifies_verb","Modifies Verb"
10972,"modifies_verb","tbl_adverb_modifies_verb","Modifies Verb"
10972,"modifies_verb","tbl_adverb_modifies_verb","Modifies Verb"
11091,"modifies_verb","tbl_adverb_modifies_verb","Modifies Verb"
11091,"modifies_verb","tbl_adverb_modifies_verb","Modifies Verb"
11097,"modifies_verb","tbl_adverb_modifies_verb","Modifies Verb"
11097,"modifies_verb","tbl_adverb_modifies_verb","Modifies Verb"
11100,"modifies_verb","tbl_adverb_modifies_verb","Modifies Verb"
11100,"modifies_verb","tbl_adverb_modifies_verb","Modifies Verb"
11104,"modifies_verb","tbl_adverb_modifies_verb","Modifies Verb"
11104,"modifies_verb","tbl_adverb_modifies_verb","Modifies Verb"
11105,"modifies_verb","tbl_adverb_modifies_verb","Modifies Verb"
11105,"modifies_verb","tbl_adverb_modifies_verb","Modifies Verb"
11108,"modifies_verb","tbl_adverb_modifies_verb","Modifies Verb"
11108,"modifies_verb","tbl_adverb_modifies_verb","Modifies Verb"
11113,"modifies_verb","tbl_adverb_modifies_verb","Modifies Verb"
11141,"modifies_verb","tbl_adverb_modifies_verb","Modifies Verb"
11141,"modifies_verb","tbl_adverb_modifies_verb","Modifies Verb"
11154,"modifies_verb","tbl_adverb_modifies_verb","Modifies Verb"
11154,"modifies_verb","tbl_adverb_modifies_verb","Modifies Verb"
11163,"modifies_verb","tbl_adverb_modifies_verb","Modifies Verb"
11236,"modifies_verb","tbl_adverb_modifies_verb","Modifies Verb"
11236,"modifies_verb","tbl_adverb_modifies_verb","Modifies Verb"
11357,"modifies_verb","tbl_adverb_modifies_verb","Modifies Verb"
11739,"modifies_verb","tbl_adverb_modifies_verb","Modifies Verb"
11920,"modifies_verb","tbl_adverb_modifies_verb","Modifies Verb"
11920,"modifies_verb","tbl_adverb_modifies_verb","Modifies Verb"
11921,"modifies_verb","tbl_adverb_modifies_verb","Modifies Verb"
11941,"modifies_verb","tbl_adverb_modifies_verb","Modifies Verb"
12057,"modifies_verb","tbl_adverb_modifies_verb","Modifies Verb"
12057,"modifies_verb","tbl_adverb_modifies_verb","Modifies Verb"
12218,"modifies_verb","tbl_adverb_modifies_verb","Modifies Verb"
12218,"modifies_verb","tbl_adverb_modifies_verb","Modifies Verb"
12269,"modifies_verb","tbl_adverb_modifies_verb","Modifies Verb"
12368,"modifies_verb","tbl_adverb_modifies_verb","Modifies Verb"
12368,"modifies_verb","tbl_adverb_modifies_verb","Modifies Verb"
3726,"modifies_verb","tbl_adverb_modifies_verb","Modifies Verb"
10759,"modifies_verb","tbl_adverb_modifies_verb","Modifies Verb"
10759,"modifies_verb","tbl_adverb_modifies_verb","Modifies Verb"
12064,"modifies_verb","tbl_adverb_modifies_verb","Modifies Verb"
12647,"modifies_verb","tbl_adverb_modifies_verb","Modifies Verb"
9058,"modifies_verb","tbl_adverb_modifies_verb","Modifies Verb"
9058,"modifies_verb","tbl_adverb_modifies_verb","Modifies Verb"
9478,"modifies_verb","tbl_adverb_modifies_verb","Modifies Verb"
9478,"modifies_verb","tbl_adverb_modifies_verb","Modifies Verb"
2092,"modifies_verb","tbl_adverb_modifies_verb","Modifies Verb"
2148,"modifies_verb","tbl_adverb_modifies_verb","Modifies Verb"
13807,"modifies_verb","tbl_adverb_modifies_verb","Modifies Verb"
13807,"modifies_verb","tbl_adverb_modifies_verb","Modifies Verb"
13752,"modifies_verb","tbl_adverb_modifies_verb","Modifies Verb"
13752,"modifies_verb","tbl_adverb_modifies_verb","Modifies Verb"
8978,"modifies_verb","tbl_adverb_modifies_verb","Modifies Verb"
8978,"modifies_verb","tbl_adverb_modifies_verb","Modifies Verb"
8992,"modifies_verb","tbl_adverb_modifies_verb","Modifies Verb"
8992,"modifies_verb","tbl_adverb_modifies_verb","Modifies Verb"
9016,"modifies_verb","tbl_adverb_modifies_verb","Modifies Verb"
9016,"modifies_verb","tbl_adverb_modifies_verb","Modifies Verb"
12899,"modifies_verb","tbl_adverb_modifies_verb","Modifies Verb"
12901,"modifies_verb","tbl_adverb_modifies_verb","Modifies Verb"
12924,"modifies_verb","tbl_adverb_modifies_verb","Modifies Verb"
12924,"modifies_verb","tbl_adverb_modifies_verb","Modifies Verb"
13562,"modifies_verb","tbl_adverb_modifies_verb","Modifies Verb"
13550,"modifies_verb","tbl_adverb_modifies_verb","Modifies Verb"
13550,"modifies_verb","tbl_adverb_modifies_verb","Modifies Verb"
13455,"modifies_verb","tbl_adverb_modifies_verb","Modifies Verb"
13455,"modifies_verb","tbl_adverb_modifies_verb","Modifies Verb"
13133,"modifies_verb","tbl_adverb_modifies_verb","Modifies Verb"
13133,"modifies_verb","tbl_adverb_modifies_verb","Modifies Verb"
13205,"modifies_verb","tbl_adverb_modifies_verb","Modifies Verb"
13205,"modifies_verb","tbl_adverb_modifies_verb","Modifies Verb"
13340,"modifies_verb","tbl_adverb_modifies_verb","Modifies Verb"
13340,"modifies_verb","tbl_adverb_modifies_verb","Modifies Verb"
13310,"modifies_verb","tbl_adverb_modifies_verb","Modifies Verb"
13310,"modifies_verb","tbl_adverb_modifies_verb","Modifies Verb"
13309,"modifies_verb","tbl_adverb_modifies_verb","Modifies Verb"
13309,"modifies_verb","tbl_adverb_modifies_verb","Modifies Verb"
9077,"modifies_verb","tbl_adverb_modifies_verb","Modifies Verb"
9077,"modifies_verb","tbl_adverb_modifies_verb","Modifies Verb"
9105,"modifies_verb","tbl_adverb_modifies_verb","Modifies Verb"
9105,"modifies_verb","tbl_adverb_modifies_verb","Modifies Verb"
13909,"modifies_verb","tbl_adverb_modifies_verb","Modifies Verb"
51,"modifies_verb","tbl_adverb_modifies_verb","Modifies Verb"
51,"modifies_verb","tbl_adverb_modifies_verb","Modifies Verb"
4663,"modifies_verb","tbl_adverb_modifies_verb","Modifies Verb"
10980,"modifies_verb","tbl_adverb_modifies_verb","Modifies Verb"
12314,"modifies_verb","tbl_adverb_modifies_verb","Modifies Verb"
12315,"modifies_verb","tbl_adverb_modifies_verb","Modifies Verb"
12316,"modifies_verb","tbl_adverb_modifies_verb","Modifies Verb"
12317,"modifies_verb","tbl_adverb_modifies_verb","Modifies Verb"
12317,"modifies_verb","tbl_adverb_modifies_verb","Modifies Verb"
12649,"modifies_verb","tbl_adverb_modifies_verb","Modifies Verb"
12649,"modifies_verb","tbl_adverb_modifies_verb","Modifies Verb"
12650,"modifies_verb","tbl_adverb_modifies_verb","Modifies Verb"
12650,"modifies_verb","tbl_adverb_modifies_verb","Modifies Verb"
12672,"modifies_verb","tbl_adverb_modifies_verb","Modifies Verb"
12676,"modifies_verb","tbl_adverb_modifies_verb","Modifies Verb"
10870,"modifies_verb","tbl_adverb_modifies_verb","Modifies Verb"
10870,"modifies_verb","tbl_adverb_modifies_verb","Modifies Verb"
10973,"modifies_verb","tbl_adverb_modifies_verb","Modifies Verb"
10973,"modifies_verb","tbl_adverb_modifies_verb","Modifies Verb"
10974,"modifies_verb","tbl_adverb_modifies_verb","Modifies Verb"
10974,"modifies_verb","tbl_adverb_modifies_verb","Modifies Verb"
10982,"modifies_verb","tbl_adverb_modifies_verb","Modifies Verb"
9502,"modifies_verb","tbl_adverb_modifies_verb","Modifies Verb"
11074,"modifies_verb","tbl_adverb_modifies_verb","Modifies Verb"
11074,"modifies_verb","tbl_adverb_modifies_verb","Modifies Verb"
11076,"modifies_verb","tbl_adverb_modifies_verb","Modifies Verb"
11076,"modifies_verb","tbl_adverb_modifies_verb","Modifies Verb"
4250,"modifies_verb","tbl_adverb_modifies_verb","Modifies Verb"
4250,"modifies_verb","tbl_adverb_modifies_verb","Modifies Verb"
11082,"modifies_verb","tbl_adverb_modifies_verb","Modifies Verb"
11082,"modifies_verb","tbl_adverb_modifies_verb","Modifies Verb"
11083,"modifies_verb","tbl_adverb_modifies_verb","Modifies Verb"
11083,"modifies_verb","tbl_adverb_modifies_verb","Modifies Verb"
11084,"modifies_verb","tbl_adverb_modifies_verb","Modifies Verb"
11084,"modifies_verb","tbl_adverb_modifies_verb","Modifies Verb"
11086,"modifies_verb","tbl_adverb_modifies_verb","Modifies Verb"
11086,"modifies_verb","tbl_adverb_modifies_verb","Modifies Verb"
11090,"modifies_verb","tbl_adverb_modifies_verb","Modifies Verb"
11090,"modifies_verb","tbl_adverb_modifies_verb","Modifies Verb"
11099,"modifies_verb","tbl_adverb_modifies_verb","Modifies Verb"
11099,"modifies_verb","tbl_adverb_modifies_verb","Modifies Verb"
11157,"modifies_verb","tbl_adverb_modifies_verb","Modifies Verb"
11157,"modifies_verb","tbl_adverb_modifies_verb","Modifies Verb"
11328,"modifies_verb","tbl_adverb_modifies_verb","Modifies Verb"
11328,"modifies_verb","tbl_adverb_modifies_verb","Modifies Verb"
10819,"modifies_verb","tbl_adverb_modifies_verb","Modifies Verb"
10819,"modifies_verb","tbl_adverb_modifies_verb","Modifies Verb"
10827,"modifies_verb","tbl_adverb_modifies_verb","Modifies Verb"
10827,"modifies_verb","tbl_adverb_modifies_verb","Modifies Verb"
10811,"modifies_verb","tbl_adverb_modifies_verb","Modifies Verb"
10811,"modifies_verb","tbl_adverb_modifies_verb","Modifies Verb"
8551,"modifies_verb","tbl_adverb_modifies_verb","Modifies Verb"
8480,"modifies_verb","tbl_adverb_modifies_verb","Modifies Verb"
11701,"modifies_verb","tbl_adverb_modifies_verb","Modifies Verb"
11701,"modifies_verb","tbl_adverb_modifies_verb","Modifies Verb"
11702,"modifies_verb","tbl_adverb_modifies_verb","Modifies Verb"
11702,"modifies_verb","tbl_adverb_modifies_verb","Modifies Verb"
11703,"modifies_verb","tbl_adverb_modifies_verb","Modifies Verb"
11704,"modifies_verb","tbl_adverb_modifies_verb","Modifies Verb"
11704,"modifies_verb","tbl_adverb_modifies_verb","Modifies Verb"
13175,"modifies_verb","tbl_adverb_modifies_verb","Modifies Verb"
13175,"modifies_verb","tbl_adverb_modifies_verb","Modifies Verb"
13176,"modifies_verb","tbl_adverb_modifies_verb","Modifies Verb"
13176,"modifies_verb","tbl_adverb_modifies_verb","Modifies Verb"
13178,"modifies_verb","tbl_adverb_modifies_verb","Modifies Verb"
8861,"modifies_verb","tbl_adverb_modifies_verb","Modifies Verb"
8861,"modifies_verb","tbl_adverb_modifies_verb","Modifies Verb"
5766,"modifies_verb","tbl_adverb_modifies_verb","Modifies Verb"
5766,"modifies_verb","tbl_adverb_modifies_verb","Modifies Verb"
6621,"modifies_verb","tbl_adverb_modifies_verb","Modifies Verb"
6621,"modifies_verb","tbl_adverb_modifies_verb","Modifies Verb"
6468,"modifies_verb","tbl_adverb_modifies_verb","Modifies Verb"
6468,"modifies_verb","tbl_adverb_modifies_verb","Modifies Verb"
10797,"modifies_verb","tbl_adverb_modifies_verb","Modifies Verb"
10797,"modifies_verb","tbl_adverb_modifies_verb","Modifies Verb"
14108,"modifies_verb","tbl_adverb_modifies_verb","Modifies Verb"
14108,"modifies_verb","tbl_adverb_modifies_verb","Modifies Verb"
14109,"modifies_verb","tbl_adverb_modifies_verb","Modifies Verb"
14109,"modifies_verb","tbl_adverb_modifies_verb","Modifies Verb"
14421,"modifies_verb","tbl_adverb_modifies_verb","Modifies Verb"
14421,"modifies_verb","tbl_adverb_modifies_verb","Modifies Verb"
14619,"modifies_verb","tbl_adverb_modifies_verb","Modifies Verb"
14619,"modifies_verb","tbl_adverb_modifies_verb","Modifies Verb"
14680,"modifies_verb","tbl_adverb_modifies_verb","Modifies Verb"
14680,"modifies_verb","tbl_adverb_modifies_verb","Modifies Verb"
14752,"modifies_verb","tbl_adverb_modifies_verb","Modifies Verb"
14816,"modifies_verb","tbl_adverb_modifies_verb","Modifies Verb"
14816,"modifies_verb","tbl_adverb_modifies_verb","Modifies Verb"
14824,"modifies_verb","tbl_adverb_modifies_verb","Modifies Verb"
14824,"modifies_verb","tbl_adverb_modifies_verb","Modifies Verb"
14991,"modifies_verb","tbl_adverb_modifies_verb","Modifies Verb"
14991,"modifies_verb","tbl_adverb_modifies_verb","Modifies Verb"
15437,"modifies_verb","tbl_adverb_modifies_verb","Modifies Verb"
15437,"modifies_verb","tbl_adverb_modifies_verb","Modifies Verb"
15437,"modifies_verb","tbl_adverb_modifies_verb","Modifies Verb"
15496,"modifies_verb","tbl_adverb_modifies_verb","Modifies Verb"
15496,"modifies_verb","tbl_adverb_modifies_verb","Modifies Verb"
15623,"modifies_verb","tbl_adverb_modifies_verb","Modifies Verb"
15623,"modifies_verb","tbl_adverb_modifies_verb","Modifies Verb"
15675,"modifies_verb","tbl_adverb_modifies_verb","Modifies Verb"
15675,"modifies_verb","tbl_adverb_modifies_verb","Modifies Verb"
16207,"modifies_verb","tbl_adverb_modifies_verb","Modifies Verb"
16207,"modifies_verb","tbl_adverb_modifies_verb","Modifies Verb"
16211,"modifies_verb","tbl_adverb_modifies_verb","Modifies Verb"
16211,"modifies_verb","tbl_adverb_modifies_verb","Modifies Verb"
6458,"modifies_verb","tbl_adverb_modifies_verb","Modifies Verb"
6458,"modifies_verb","tbl_adverb_modifies_verb","Modifies Verb"
17007,"modifies_verb","tbl_adverb_modifies_verb","Modifies Verb"
17007,"modifies_verb","tbl_adverb_modifies_verb","Modifies Verb"
17008,"modifies_verb","tbl_adverb_modifies_verb","Modifies Verb"
17008,"modifies_verb","tbl_adverb_modifies_verb","Modifies Verb"
12705,"modifies_verb","tbl_adverb_modifies_verb","Modifies Verb"
12705,"modifies_verb","tbl_adverb_modifies_verb","Modifies Verb"
13474,"modifies_verb","tbl_adverb_modifies_verb","Modifies Verb"
13474,"modifies_verb","tbl_adverb_modifies_verb","Modifies Verb"
17290,"modifies_verb","tbl_adverb_modifies_verb","Modifies Verb"
17290,"modifies_verb","tbl_adverb_modifies_verb","Modifies Verb"
123,"modifies_verb","tbl_adverb_modifies_verb","Modifies Verb"
123,"modifies_verb","tbl_adverb_modifies_verb","Modifies Verb"
17370,"modifies_verb","tbl_adverb_modifies_verb","Modifies Verb"
17370,"modifies_verb","tbl_adverb_modifies_verb","Modifies Verb"
17931,"modifies_verb","tbl_adverb_modifies_verb","Modifies Verb"
17931,"modifies_verb","tbl_adverb_modifies_verb","Modifies Verb"
17945,"modifies_verb","tbl_adverb_modifies_verb","Modifies Verb"
17945,"modifies_verb","tbl_adverb_modifies_verb","Modifies Verb"
18059,"modifies_verb","tbl_adverb_modifies_verb","Modifies Verb"
18060,"modifies_verb","tbl_adverb_modifies_verb","Modifies Verb"
18060,"modifies_verb","tbl_adverb_modifies_verb","Modifies Verb"
18100,"modifies_verb","tbl_adverb_modifies_verb","Modifies Verb"
18100,"modifies_verb","tbl_adverb_modifies_verb","Modifies Verb"
18939,"modifies_verb","tbl_adverb_modifies_verb","Modifies Verb"
18939,"modifies_verb","tbl_adverb_modifies_verb","Modifies Verb"
18972,"modifies_verb","tbl_adverb_modifies_verb","Modifies Verb"
19130,"modifies_verb","tbl_adverb_modifies_verb","Modifies Verb"
19130,"modifies_verb","tbl_adverb_modifies_verb","Modifies Verb"
19203,"modifies_verb","tbl_adverb_modifies_verb","Modifies Verb"
19203,"modifies_verb","tbl_adverb_modifies_verb","Modifies Verb"
19209,"modifies_verb","tbl_adverb_modifies_verb","Modifies Verb"
19292,"modifies_verb","tbl_adverb_modifies_verb","Modifies Verb"
19292,"modifies_verb","tbl_adverb_modifies_verb","Modifies Verb"
19562,"modifies_verb","tbl_adverb_modifies_verb","Modifies Verb"
19562,"modifies_verb","tbl_adverb_modifies_verb","Modifies Verb"
19572,"modifies_verb","tbl_adverb_modifies_verb","Modifies Verb"
19572,"modifies_verb","tbl_adverb_modifies_verb","Modifies Verb"
19588,"modifies_verb","tbl_adverb_modifies_verb","Modifies Verb"
20249,"modifies_verb","tbl_adverb_modifies_verb","Modifies Verb"
20249,"modifies_verb","tbl_adverb_modifies_verb","Modifies Verb"
20250,"modifies_verb","tbl_adverb_modifies_verb","Modifies Verb"
20250,"modifies_verb","tbl_adverb_modifies_verb","Modifies Verb"
20703,"modifies_verb","tbl_adverb_modifies_verb","Modifies Verb"
20897,"modifies_verb","tbl_adverb_modifies_verb","Modifies Verb"
20897,"modifies_verb","tbl_adverb_modifies_verb","Modifies Verb"
20898,"modifies_verb","tbl_adverb_modifies_verb","Modifies Verb"
20898,"modifies_verb","tbl_adverb_modifies_verb","Modifies Verb"
21097,"modifies_verb","tbl_adverb_modifies_verb","Modifies Verb"
21097,"modifies_verb","tbl_adverb_modifies_verb","Modifies Verb"
21460,"modifies_verb","tbl_adverb_modifies_verb","Modifies Verb"
21986,"modifies_verb","tbl_adverb_modifies_verb","Modifies Verb"
21986,"modifies_verb","tbl_adverb_modifies_verb","Modifies Verb"
21988,"modifies_verb","tbl_adverb_modifies_verb","Modifies Verb"
21988,"modifies_verb","tbl_adverb_modifies_verb","Modifies Verb"
21989,"modifies_verb","tbl_adverb_modifies_verb","Modifies Verb"
21989,"modifies_verb","tbl_adverb_modifies_verb","Modifies Verb"
21990,"modifies_verb","tbl_adverb_modifies_verb","Modifies Verb"
21991,"modifies_verb","tbl_adverb_modifies_verb","Modifies Verb"
21991,"modifies_verb","tbl_adverb_modifies_verb","Modifies Verb"
22150,"modifies_verb","tbl_adverb_modifies_verb","Modifies Verb"
22150,"modifies_verb","tbl_adverb_modifies_verb","Modifies Verb"
22158,"modifies_verb","tbl_adverb_modifies_verb","Modifies Verb"
22207,"modifies_verb","tbl_adverb_modifies_verb","Modifies Verb"
22207,"modifies_verb","tbl_adverb_modifies_verb","Modifies Verb"
22208,"modifies_verb","tbl_adverb_modifies_verb","Modifies Verb"
22208,"modifies_verb","tbl_adverb_modifies_verb","Modifies Verb"
22209,"modifies_verb","tbl_adverb_modifies_verb","Modifies Verb"
22209,"modifies_verb","tbl_adverb_modifies_verb","Modifies Verb"
22210,"modifies_verb","tbl_adverb_modifies_verb","Modifies Verb"
22210,"modifies_verb","tbl_adverb_modifies_verb","Modifies Verb"
22211,"modifies_verb","tbl_adverb_modifies_verb","Modifies Verb"
22211,"modifies_verb","tbl_adverb_modifies_verb","Modifies Verb"
22212,"modifies_verb","tbl_adverb_modifies_verb","Modifies Verb"
22212,"modifies_verb","tbl_adverb_modifies_verb","Modifies Verb"
22928,"modifies_verb","tbl_adverb_modifies_verb","Modifies Verb"
22928,"modifies_verb","tbl_adverb_modifies_verb","Modifies Verb"
22931,"modifies_verb","tbl_adverb_modifies_verb","Modifies Verb"
22931,"modifies_verb","tbl_adverb_modifies_verb","Modifies Verb"
22932,"modifies_verb","tbl_adverb_modifies_verb","Modifies Verb"
22932,"modifies_verb","tbl_adverb_modifies_verb","Modifies Verb"
22933,"modifies_verb","tbl_adverb_modifies_verb","Modifies Verb"
22933,"modifies_verb","tbl_adverb_modifies_verb","Modifies Verb"
22937,"modifies_verb","tbl_adverb_modifies_verb","Modifies Verb"
22937,"modifies_verb","tbl_adverb_modifies_verb","Modifies Verb"
22938,"modifies_verb","tbl_adverb_modifies_verb","Modifies Verb"
22938,"modifies_verb","tbl_adverb_modifies_verb","Modifies Verb"
22939,"modifies_verb","tbl_adverb_modifies_verb","Modifies Verb"
22939,"modifies_verb","tbl_adverb_modifies_verb","Modifies Verb"
22940,"modifies_verb","tbl_adverb_modifies_verb","Modifies Verb"
22940,"modifies_verb","tbl_adverb_modifies_verb","Modifies Verb"
22941,"modifies_verb","tbl_adverb_modifies_verb","Modifies Verb"
22941,"modifies_verb","tbl_adverb_modifies_verb","Modifies Verb"
22955,"modifies_verb","tbl_adverb_modifies_verb","Modifies Verb"
22955,"modifies_verb","tbl_adverb_modifies_verb","Modifies Verb"
23026,"modifies_verb","tbl_adverb_modifies_verb","Modifies Verb"
23026,"modifies_verb","tbl_adverb_modifies_verb","Modifies Verb"
23236,"modifies_verb","tbl_adverb_modifies_verb","Modifies Verb"
23236,"modifies_verb","tbl_adverb_modifies_verb","Modifies Verb"
23755,"modifies_verb","tbl_adverb_modifies_verb","Modifies Verb"
23771,"modifies_verb","tbl_adverb_modifies_verb","Modifies Verb"
23771,"modifies_verb","tbl_adverb_modifies_verb","Modifies Verb"
23772,"modifies_verb","tbl_adverb_modifies_verb","Modifies Verb"
23772,"modifies_verb","tbl_adverb_modifies_verb","Modifies Verb"
23773,"modifies_verb","tbl_adverb_modifies_verb","Modifies Verb"
23773,"modifies_verb","tbl_adverb_modifies_verb","Modifies Verb"
23775,"modifies_verb","tbl_adverb_modifies_verb","Modifies Verb"
23775,"modifies_verb","tbl_adverb_modifies_verb","Modifies Verb"
23778,"modifies_verb","tbl_adverb_modifies_verb","Modifies Verb"
23778,"modifies_verb","tbl_adverb_modifies_verb","Modifies Verb"
23786,"modifies_verb","tbl_adverb_modifies_verb","Modifies Verb"
23786,"modifies_verb","tbl_adverb_modifies_verb","Modifies Verb"
24222,"modifies_verb","tbl_adverb_modifies_verb","Modifies Verb"
24222,"modifies_verb","tbl_adverb_modifies_verb","Modifies Verb"
24238,"modifies_verb","tbl_adverb_modifies_verb","Modifies Verb"
24384,"modifies_verb","tbl_adverb_modifies_verb","Modifies Verb"
24384,"modifies_verb","tbl_adverb_modifies_verb","Modifies Verb"
24504,"modifies_verb","tbl_adverb_modifies_verb","Modifies Verb"
24589,"modifies_verb","tbl_adverb_modifies_verb","Modifies Verb"
24589,"modifies_verb","tbl_adverb_modifies_verb","Modifies Verb"
24615,"modifies_verb","tbl_adverb_modifies_verb","Modifies Verb"
24615,"modifies_verb","tbl_adverb_modifies_verb","Modifies Verb"
24620,"modifies_verb","tbl_adverb_modifies_verb","Modifies Verb"
24620,"modifies_verb","tbl_adverb_modifies_verb","Modifies Verb"
24746,"modifies_verb","tbl_adverb_modifies_verb","Modifies Verb"
24746,"modifies_verb","tbl_adverb_modifies_verb","Modifies Verb"
25047,"modifies_verb","tbl_adverb_modifies_verb","Modifies Verb"
25047,"modifies_verb","tbl_adverb_modifies_verb","Modifies Verb"
25225,"modifies_verb","tbl_adverb_modifies_verb","Modifies Verb"
25424,"modifies_verb","tbl_adverb_modifies_verb","Modifies Verb"
25552,"modifies_verb","tbl_adverb_modifies_verb","Modifies Verb"
25552,"modifies_verb","tbl_adverb_modifies_verb","Modifies Verb"
1922,"modifies_verb","tbl_adverb_modifies_verb","Modifies Verb"
1922,"modifies_verb","tbl_adverb_modifies_verb","Modifies Verb"
26310,"modifies_verb","tbl_adverb_modifies_verb","Modifies Verb"
26821,"modifies_verb","tbl_adverb_modifies_verb","Modifies Verb"
26821,"modifies_verb","tbl_adverb_modifies_verb","Modifies Verb"
2887,"modifies_verb","tbl_adverb_modifies_verb","Modifies Verb"
5934,"modifies_verb","tbl_adverb_modifies_verb","Modifies Verb"
9664,"modifies_verb","tbl_adverb_modifies_verb","Modifies Verb"
9664,"modifies_verb","tbl_adverb_modifies_verb","Modifies Verb"
9665,"modifies_verb","tbl_adverb_modifies_verb","Modifies Verb"
9665,"modifies_verb","tbl_adverb_modifies_verb","Modifies Verb"
27635,"modifies_verb","tbl_adverb_modifies_verb","Modifies Verb"
27635,"modifies_verb","tbl_adverb_modifies_verb","Modifies Verb"
10845,"modifies_verb","tbl_adverb_modifies_verb","Modifies Verb"
10845,"modifies_verb","tbl_adverb_modifies_verb","Modifies Verb"
27740,"modifies_verb","tbl_adverb_modifies_verb","Modifies Verb"
27740,"modifies_verb","tbl_adverb_modifies_verb","Modifies Verb"
28094,"modifies_verb","tbl_adverb_modifies_verb","Modifies Verb"
28094,"modifies_verb","tbl_adverb_modifies_verb","Modifies Verb"
28129,"modifies_verb","tbl_adverb_modifies_verb","Modifies Verb"
28129,"modifies_verb","tbl_adverb_modifies_verb","Modifies Verb"
28154,"modifies_verb","tbl_adverb_modifies_verb","Modifies Verb"
28154,"modifies_verb","tbl_adverb_modifies_verb","Modifies Verb"
28167,"modifies_verb","tbl_adverb_modifies_verb","Modifies Verb"
28167,"modifies_verb","tbl_adverb_modifies_verb","Modifies Verb"
28181,"modifies_verb","tbl_adverb_modifies_verb","Modifies Verb"
28181,"modifies_verb","tbl_adverb_modifies_verb","Modifies Verb"
28197,"modifies_verb","tbl_adverb_modifies_verb","Modifies Verb"
28197,"modifies_verb","tbl_adverb_modifies_verb","Modifies Verb"
28209,"modifies_verb","tbl_adverb_modifies_verb","Modifies Verb"
28209,"modifies_verb","tbl_adverb_modifies_verb","Modifies Verb"
28223,"modifies_verb","tbl_adverb_modifies_verb","Modifies Verb"
28223,"modifies_verb","tbl_adverb_modifies_verb","Modifies Verb"
28224,"modifies_verb","tbl_adverb_modifies_verb","Modifies Verb"
28224,"modifies_verb","tbl_adverb_modifies_verb","Modifies Verb"
28171,"modifies_verb","tbl_adverb_modifies_verb","Modifies Verb"
28171,"modifies_verb","tbl_adverb_modifies_verb","Modifies Verb"
28602,"modifies_verb","tbl_adverb_modifies_verb","Modifies Verb"
28602,"modifies_verb","tbl_adverb_modifies_verb","Modifies Verb"
28610,"modifies_verb","tbl_adverb_modifies_verb","Modifies Verb"
28610,"modifies_verb","tbl_adverb_modifies_verb","Modifies Verb"
29151,"modifies_verb","tbl_adverb_modifies_verb","Modifies Verb"
29151,"modifies_verb","tbl_adverb_modifies_verb","Modifies Verb"
30174,"modifies_verb","tbl_adverb_modifies_verb","Modifies Verb"
30174,"modifies_verb","tbl_adverb_modifies_verb","Modifies Verb"
30692,"modifies_verb","tbl_adverb_modifies_verb","Modifies Verb"
30692,"modifies_verb","tbl_adverb_modifies_verb","Modifies Verb"
30693,"modifies_verb","tbl_adverb_modifies_verb","Modifies Verb"
30693,"modifies_verb","tbl_adverb_modifies_verb","Modifies Verb"
30991,"modifies_verb","tbl_adverb_modifies_verb","Modifies Verb"
31100,"modifies_verb","tbl_adverb_modifies_verb","Modifies Verb"
31100,"modifies_verb","tbl_adverb_modifies_verb","Modifies Verb"
31676,"modifies_verb","tbl_adverb_modifies_verb","Modifies Verb"
31676,"modifies_verb","tbl_adverb_modifies_verb","Modifies Verb"
31986,"modifies_verb","tbl_adverb_modifies_verb","Modifies Verb"
31986,"modifies_verb","tbl_adverb_modifies_verb","Modifies Verb"
32399,"modifies_verb","tbl_adverb_modifies_verb","Modifies Verb"
32399,"modifies_verb","tbl_adverb_modifies_verb","Modifies Verb"
32591,"modifies_verb","tbl_adverb_modifies_verb","Modifies Verb"
32637,"modifies_verb","tbl_adverb_modifies_verb","Modifies Verb"
32637,"modifies_verb","tbl_adverb_modifies_verb","Modifies Verb"
32638,"modifies_verb","tbl_adverb_modifies_verb","Modifies Verb"
32638,"modifies_verb","tbl_adverb_modifies_verb","Modifies Verb"
32640,"modifies_verb","tbl_adverb_modifies_verb","Modifies Verb"
32640,"modifies_verb","tbl_adverb_modifies_verb","Modifies Verb"
32639,"modifies_verb","tbl_adverb_modifies_verb","Modifies Verb"
32639,"modifies_verb","tbl_adverb_modifies_verb","Modifies Verb"
33843,"modifies_verb","tbl_adverb_modifies_verb","Modifies Verb"
33843,"modifies_verb","tbl_adverb_modifies_verb","Modifies Verb"
33850,"modifies_verb","tbl_adverb_modifies_verb","Modifies Verb"
33850,"modifies_verb","tbl_adverb_modifies_verb","Modifies Verb"
33922,"modifies_verb","tbl_adverb_modifies_verb","Modifies Verb"
33922,"modifies_verb","tbl_adverb_modifies_verb","Modifies Verb"
34198,"modifies_verb","tbl_adverb_modifies_verb","Modifies Verb"
34198,"modifies_verb","tbl_adverb_modifies_verb","Modifies Verb"
34257,"modifies_verb","tbl_adverb_modifies_verb","Modifies Verb"
34257,"modifies_verb","tbl_adverb_modifies_verb","Modifies Verb"
34258,"modifies_verb","tbl_adverb_modifies_verb","Modifies Verb"
34258,"modifies_verb","tbl_adverb_modifies_verb","Modifies Verb"
34330,"modifies_verb","tbl_adverb_modifies_verb","Modifies Verb"
34415,"modifies_verb","tbl_adverb_modifies_verb","Modifies Verb"
34416,"modifies_verb","tbl_adverb_modifies_verb","Modifies Verb"
34416,"modifies_verb","tbl_adverb_modifies_verb","Modifies Verb"
34412,"modifies_verb","tbl_adverb_modifies_verb","Modifies Verb"
34412,"modifies_verb","tbl_adverb_modifies_verb","Modifies Verb"
34455,"modifies_verb","tbl_adverb_modifies_verb","Modifies Verb"
34455,"modifies_verb","tbl_adverb_modifies_verb","Modifies Verb"
34475,"modifies_verb","tbl_adverb_modifies_verb","Modifies Verb"
34475,"modifies_verb","tbl_adverb_modifies_verb","Modifies Verb"
34481,"modifies_verb","tbl_adverb_modifies_verb","Modifies Verb"
34481,"modifies_verb","tbl_adverb_modifies_verb","Modifies Verb"
34526,"modifies_verb","tbl_adverb_modifies_verb","Modifies Verb"
34526,"modifies_verb","tbl_adverb_modifies_verb","Modifies Verb"
34529,"modifies_verb","tbl_adverb_modifies_verb","Modifies Verb"
34529,"modifies_verb","tbl_adverb_modifies_verb","Modifies Verb"
34532,"modifies_verb","tbl_adverb_modifies_verb","Modifies Verb"
34532,"modifies_verb","tbl_adverb_modifies_verb","Modifies Verb"
34620,"modifies_verb","tbl_adverb_modifies_verb","Modifies Verb"
34624,"modifies_verb","tbl_adverb_modifies_verb","Modifies Verb"
34654,"modifies_verb","tbl_adverb_modifies_verb","Modifies Verb"
34654,"modifies_verb","tbl_adverb_modifies_verb","Modifies Verb"
34714,"modifies_verb","tbl_adverb_modifies_verb","Modifies Verb"
34714,"modifies_verb","tbl_adverb_modifies_verb","Modifies Verb"
34787,"modifies_verb","tbl_adverb_modifies_verb","Modifies Verb"
34787,"modifies_verb","tbl_adverb_modifies_verb","Modifies Verb"
34793,"modifies_verb","tbl_adverb_modifies_verb","Modifies Verb"
34793,"modifies_verb","tbl_adverb_modifies_verb","Modifies Verb"
34805,"modifies_verb","tbl_adverb_modifies_verb","Modifies Verb"
34834,"modifies_verb","tbl_adverb_modifies_verb","Modifies Verb"
34837,"modifies_verb","tbl_adverb_modifies_verb","Modifies Verb"
34837,"modifies_verb","tbl_adverb_modifies_verb","Modifies Verb"
34838,"modifies_verb","tbl_adverb_modifies_verb","Modifies Verb"
34838,"modifies_verb","tbl_adverb_modifies_verb","Modifies Verb"
34841,"modifies_verb","tbl_adverb_modifies_verb","Modifies Verb"
34841,"modifies_verb","tbl_adverb_modifies_verb","Modifies Verb"
34857,"modifies_verb","tbl_adverb_modifies_verb","Modifies Verb"
34857,"modifies_verb","tbl_adverb_modifies_verb","Modifies Verb"
34925,"modifies_verb","tbl_adverb_modifies_verb","Modifies Verb"
34925,"modifies_verb","tbl_adverb_modifies_verb","Modifies Verb"
34933,"modifies_verb","tbl_adverb_modifies_verb","Modifies Verb"
34933,"modifies_verb","tbl_adverb_modifies_verb","Modifies Verb"
34937,"modifies_verb","tbl_adverb_modifies_verb","Modifies Verb"
34937,"modifies_verb","tbl_adverb_modifies_verb","Modifies Verb"
34938,"modifies_verb","tbl_adverb_modifies_verb","Modifies Verb"
34938,"modifies_verb","tbl_adverb_modifies_verb","Modifies Verb"
34940,"modifies_verb","tbl_adverb_modifies_verb","Modifies Verb"
34940,"modifies_verb","tbl_adverb_modifies_verb","Modifies Verb"
34954,"modifies_verb","tbl_adverb_modifies_verb","Modifies Verb"
34954,"modifies_verb","tbl_adverb_modifies_verb","Modifies Verb"
34955,"modifies_verb","tbl_adverb_modifies_verb","Modifies Verb"
34955,"modifies_verb","tbl_adverb_modifies_verb","Modifies Verb"
34593,"modifies_verb","tbl_adverb_modifies_verb","Modifies Verb"
35042,"modifies_verb","tbl_adverb_modifies_verb","Modifies Verb"
35042,"modifies_verb","tbl_adverb_modifies_verb","Modifies Verb"
35045,"modifies_verb","tbl_adverb_modifies_verb","Modifies Verb"
35045,"modifies_verb","tbl_adverb_modifies_verb","Modifies Verb"
35055,"modifies_verb","tbl_adverb_modifies_verb","Modifies Verb"
35055,"modifies_verb","tbl_adverb_modifies_verb","Modifies Verb"
35063,"modifies_verb","tbl_adverb_modifies_verb","Modifies Verb"
35063,"modifies_verb","tbl_adverb_modifies_verb","Modifies Verb"
35067,"modifies_verb","tbl_adverb_modifies_verb","Modifies Verb"
35076,"modifies_verb","tbl_adverb_modifies_verb","Modifies Verb"
35076,"modifies_verb","tbl_adverb_modifies_verb","Modifies Verb"
35077,"modifies_verb","tbl_adverb_modifies_verb","Modifies Verb"
35077,"modifies_verb","tbl_adverb_modifies_verb","Modifies Verb"
35075,"modifies_verb","tbl_adverb_modifies_verb","Modifies Verb"
35075,"modifies_verb","tbl_adverb_modifies_verb","Modifies Verb"
35007,"modifies_verb","tbl_adverb_modifies_verb","Modifies Verb"
35007,"modifies_verb","tbl_adverb_modifies_verb","Modifies Verb"
35279,"modifies_verb","tbl_adverb_modifies_verb","Modifies Verb"
35279,"modifies_verb","tbl_adverb_modifies_verb","Modifies Verb"
35289,"modifies_verb","tbl_adverb_modifies_verb","Modifies Verb"
35289,"modifies_verb","tbl_adverb_modifies_verb","Modifies Verb"
35297,"modifies_verb","tbl_adverb_modifies_verb","Modifies Verb"
35297,"modifies_verb","tbl_adverb_modifies_verb","Modifies Verb"
35398,"modifies_verb","tbl_adverb_modifies_verb","Modifies Verb"
35398,"modifies_verb","tbl_adverb_modifies_verb","Modifies Verb"
35465,"modifies_verb","tbl_adverb_modifies_verb","Modifies Verb"
35465,"modifies_verb","tbl_adverb_modifies_verb","Modifies Verb"
35466,"modifies_verb","tbl_adverb_modifies_verb","Modifies Verb"
35466,"modifies_verb","tbl_adverb_modifies_verb","Modifies Verb"
35454,"modifies_verb","tbl_adverb_modifies_verb","Modifies Verb"
35454,"modifies_verb","tbl_adverb_modifies_verb","Modifies Verb"
35498,"modifies_verb","tbl_adverb_modifies_verb","Modifies Verb"
35498,"modifies_verb","tbl_adverb_modifies_verb","Modifies Verb"
35515,"modifies_verb","tbl_adverb_modifies_verb","Modifies Verb"
35515,"modifies_verb","tbl_adverb_modifies_verb","Modifies Verb"
35551,"modifies_verb","tbl_adverb_modifies_verb","Modifies Verb"
35551,"modifies_verb","tbl_adverb_modifies_verb","Modifies Verb"
35611,"modifies_verb","tbl_adverb_modifies_verb","Modifies Verb"
35635,"modifies_verb","tbl_adverb_modifies_verb","Modifies Verb"
35635,"modifies_verb","tbl_adverb_modifies_verb","Modifies Verb"
35651,"modifies_verb","tbl_adverb_modifies_verb","Modifies Verb"
35651,"modifies_verb","tbl_adverb_modifies_verb","Modifies Verb"
35653,"modifies_verb","tbl_adverb_modifies_verb","Modifies Verb"
35664,"modifies_verb","tbl_adverb_modifies_verb","Modifies Verb"
2241,"also_see","tbl_adverb_also_see","Also See"
2367,"also_see","tbl_adverb_also_see","Also See"
2368,"also_see","tbl_adverb_also_see","Also See"
2689,"also_see","tbl_adverb_also_see","Also See"
2785,"also_see","tbl_adverb_also_see","Also See"
1118,"also_see","tbl_adverb_also_see","Also See"
1358,"also_see","tbl_adverb_also_see","Also See"
2479,"also_see","tbl_adverb_also_see","Also See"
1093,"also_see","tbl_adverb_also_see","Also See"
2620,"also_see","tbl_adverb_also_see","Also See"
2624,"also_see","tbl_adverb_also_see","Also See"
2827,"also_see","tbl_adverb_also_see","Also See"
2879,"also_see","tbl_adverb_also_see","Also See"
596,"also_see","tbl_adverb_also_see","Also See"
594,"also_see","tbl_adverb_also_see","Also See"
5537,"also_see","tbl_adverb_also_see","Also See"
1737,"also_see","tbl_adverb_also_see","Also See"
7162,"also_see","tbl_adverb_also_see","Also See"
7249,"also_see","tbl_adverb_also_see","Also See"
8212,"also_see","tbl_adverb_also_see","Also See"
9737,"also_see","tbl_adverb_also_see","Also See"
9883,"also_see","tbl_adverb_also_see","Also See"
9883,"also_see","tbl_adverb_also_see","Also See"
11091,"also_see","tbl_adverb_also_see","Also See"
12218,"also_see","tbl_adverb_also_see","Also See"
4250,"also_see","tbl_adverb_also_see","Also See"
15437,"also_see","tbl_adverb_also_see","Also See"
22158,"also_see","tbl_adverb_also_see","Also See"
25047,"also_see","tbl_adverb_also_see","Also See"
26759,"also_see","tbl_adverb_also_see","Also See"
26759,"also_see","tbl_adverb_also_see","Also See"
52,"anto_action","tbl_adverb_anto_action","Antonymy - Action"
53,"anto_action","tbl_adverb_anto_action","Antonymy - Action"
1179,"anto_action","tbl_adverb_anto_action","Antonymy - Action"
1170,"anto_action","tbl_adverb_anto_action","Antonymy - Action"
1532,"anto_action","tbl_adverb_anto_action","Antonymy - Action"
1208,"anto_action","tbl_adverb_anto_action","Antonymy - Action"
1208,"anto_action","tbl_adverb_anto_action","Antonymy - Action"
2479,"anto_action","tbl_adverb_anto_action","Antonymy - Action"
13205,"anto_action","tbl_adverb_anto_action","Antonymy - Action"
13340,"anto_amount","tbl_adverb_anto_amount","Antonymy - Amount"
13340,"anto_amount","tbl_adverb_anto_amount","Antonymy - Amount"
13340,"anto_amount","tbl_adverb_anto_amount","Antonymy - Amount"
13340,"anto_amount","tbl_adverb_anto_amount","Antonymy - Amount"
13340,"anto_amount","tbl_adverb_anto_amount","Antonymy - Amount"
13340,"anto_amount","tbl_adverb_anto_amount","Antonymy - Amount"
34925,"anto_amount","tbl_adverb_anto_amount","Antonymy - Amount"
34925,"anto_amount","tbl_adverb_anto_amount","Antonymy - Amount"
34925,"anto_amount","tbl_adverb_anto_amount","Antonymy - Amount"
1267,"anto_direction","tbl_adverb_anto_direction","Antonymy - Direction"
1268,"anto_direction","tbl_adverb_anto_direction","Antonymy - Direction"
2647,"anto_place","tbl_adverb_anto_place","Antonymy - Place"
2647,"anto_place","tbl_adverb_anto_place","Antonymy - Place"
2647,"anto_place","tbl_adverb_anto_place","Antonymy - Place"
3075,"anto_place","tbl_adverb_anto_place","Antonymy - Place"
3075,"anto_place","tbl_adverb_anto_place","Antonymy - Place"
3075,"anto_place","tbl_adverb_anto_place","Antonymy - Place"
3075,"anto_place","tbl_adverb_anto_place","Antonymy - Place"
3075,"anto_place","tbl_adverb_anto_place","Antonymy - Place"
373,"anto_place","tbl_adverb_anto_place","Antonymy - Place"
1609,"anto_place","tbl_adverb_anto_place","Antonymy - Place"
2107,"anto_place","tbl_adverb_anto_place","Antonymy - Place"
1730,"anto_place","tbl_adverb_anto_place","Antonymy - Place"
7264,"anto_place","tbl_adverb_anto_place","Antonymy - Place"
7264,"anto_place","tbl_adverb_anto_place","Antonymy - Place"
2065,"anto_quality","tbl_adverb_anto_quality","Antonymy - Quality"
2093,"anto_quality","tbl_adverb_anto_quality","Antonymy - Quality"
2094,"anto_quality","tbl_adverb_anto_quality","Antonymy - Quality"
2095,"anto_quality","tbl_adverb_anto_quality","Antonymy - Quality"
2103,"anto_quality","tbl_adverb_anto_quality","Antonymy - Quality"
2296,"anto_quality","tbl_adverb_anto_quality","Antonymy - Quality"
2367,"anto_quality","tbl_adverb_anto_quality","Antonymy - Quality"
2812,"anto_quality","tbl_adverb_anto_quality","Antonymy - Quality"
527,"anto_quality","tbl_adverb_anto_quality","Antonymy - Quality"
528,"anto_quality","tbl_adverb_anto_quality","Antonymy - Quality"
529,"anto_quality","tbl_adverb_anto_quality","Antonymy - Quality"
559,"anto_quality","tbl_adverb_anto_quality","Antonymy - Quality"
559,"anto_quality","tbl_adverb_anto_quality","Antonymy - Quality"
559,"anto_quality","tbl_adverb_anto_quality","Antonymy - Quality"
1118,"anto_quality","tbl_adverb_anto_quality","Antonymy - Quality"
1117,"anto_quality","tbl_adverb_anto_quality","Antonymy - Quality"
1117,"anto_quality","tbl_adverb_anto_quality","Antonymy - Quality"
1207,"anto_quality","tbl_adverb_anto_quality","Antonymy - Quality"
1451,"anto_quality","tbl_adverb_anto_quality","Antonymy - Quality"
1455,"anto_quality","tbl_adverb_anto_quality","Antonymy - Quality"
2243,"anto_quality","tbl_adverb_anto_quality","Antonymy - Quality"
2243,"anto_quality","tbl_adverb_anto_quality","Antonymy - Quality"
2244,"anto_quality","tbl_adverb_anto_quality","Antonymy - Quality"
1121,"anto_quality","tbl_adverb_anto_quality","Antonymy - Quality"
3149,"anto_state","tbl_adverb_anto_state","Antonymy - State"
3151,"anto_state","tbl_adverb_anto_state","Antonymy - State"
394,"anto_state","tbl_adverb_anto_state","Antonymy - State"
1807,"anto_state","tbl_adverb_anto_state","Antonymy - State"
1812,"anto_state","tbl_adverb_anto_state","Antonymy - State"
1920,"anto_state","tbl_adverb_anto_state","Antonymy - State"
1963,"anto_state","tbl_adverb_anto_state","Antonymy - State"
1262,"anto_state","tbl_adverb_anto_state","Antonymy - State"
1263,"anto_state","tbl_adverb_anto_state","Antonymy - State"
1358,"anto_state","tbl_adverb_anto_state","Antonymy - State"
1374,"anto_state","tbl_adverb_anto_state","Antonymy - State"
1447,"anto_state","tbl_adverb_anto_state","Antonymy - State"
2785,"anto_time","tbl_adverb_anto_time","Antonymy - Time"
2785,"anto_time","tbl_adverb_anto_time","Antonymy - Time"
1586,"anto_time","tbl_adverb_anto_time","Antonymy - Time"
1586,"anto_time","tbl_adverb_anto_time","Antonymy - Time"
3640,"anto_time","tbl_adverb_anto_time","Antonymy - Time"
3640,"anto_time","tbl_adverb_anto_time","Antonymy - Time"
3641,"anto_time","tbl_adverb_anto_time","Antonymy - Time"
3641,"anto_time","tbl_adverb_anto_time","Antonymy - Time"
3641,"anto_time","tbl_adverb_anto_time","Antonymy - Time"
22207,"anto_time","tbl_adverb_anto_time","Antonymy - Time"
22208,"anto_time","tbl_adverb_anto_time","Antonymy - Time"
22209,"anto_time","tbl_adverb_anto_time","Antonymy - Time"
22210,"anto_time","tbl_adverb_anto_time","Antonymy - Time"
22211,"anto_time","tbl_adverb_anto_time","Antonymy - Time"
22211,"anto_time","tbl_adverb_anto_time","Antonymy - Time"
22211,"anto_time","tbl_adverb_anto_time","Antonymy - Time"
22212,"anto_time","tbl_adverb_anto_time","Antonymy - Time"
22212,"anto_time","tbl_adverb_anto_time","Antonymy - Time"
22212,"anto_time","tbl_adverb_anto_time","Antonymy - Time"
32399,"anto_time","tbl_adverb_anto_time","Antonymy - Time"
32399,"anto_time","tbl_adverb_anto_time","Antonymy - Time"
32399,"anto_time","tbl_adverb_anto_time","Antonymy - Time"
34481,"anto_time","tbl_adverb_anto_time","Antonymy - Time"
34481,"anto_time","tbl_adverb_anto_time","Antonymy - Time"
34481,"anto_time","tbl_adverb_anto_time","Antonymy - Time"
2116,"anto_manner","tbl_adverb_anto_manner","Antonymy - Manner"
2297,"anto_manner","tbl_adverb_anto_manner","Antonymy - Manner"
2297,"anto_manner","tbl_adverb_anto_manner","Antonymy - Manner"
2297,"anto_manner","tbl_adverb_anto_manner","Antonymy - Manner"
2368,"anto_manner","tbl_adverb_anto_manner","Antonymy - Manner"
2824,"anto_manner","tbl_adverb_anto_manner","Antonymy - Manner"
2824,"anto_manner","tbl_adverb_anto_manner","Antonymy - Manner"
2868,"anto_manner","tbl_adverb_anto_manner","Antonymy - Manner"
2868,"anto_manner","tbl_adverb_anto_manner","Antonymy - Manner"
595,"anto_manner","tbl_adverb_anto_manner","Antonymy - Manner"
595,"anto_manner","tbl_adverb_anto_manner","Antonymy - Manner"
595,"anto_manner","tbl_adverb_anto_manner","Antonymy - Manner"
796,"anto_manner","tbl_adverb_anto_manner","Antonymy - Manner"
796,"anto_manner","tbl_adverb_anto_manner","Antonymy - Manner"
796,"anto_manner","tbl_adverb_anto_manner","Antonymy - Manner"
896,"anto_manner","tbl_adverb_anto_manner","Antonymy - Manner"
1850,"anto_manner","tbl_adverb_anto_manner","Antonymy - Manner"
1850,"anto_manner","tbl_adverb_anto_manner","Antonymy - Manner"
1093,"anto_manner","tbl_adverb_anto_manner","Antonymy - Manner"
2620,"anto_manner","tbl_adverb_anto_manner","Antonymy - Manner"
2827,"anto_manner","tbl_adverb_anto_manner","Antonymy - Manner"
2827,"anto_manner","tbl_adverb_anto_manner","Antonymy - Manner"
4728,"anto_manner","tbl_adverb_anto_manner","Antonymy - Manner"
4728,"anto_manner","tbl_adverb_anto_manner","Antonymy - Manner"
14108,"anto_manner","tbl_adverb_anto_manner","Antonymy - Manner"
14108,"anto_manner","tbl_adverb_anto_manner","Antonymy - Manner"
14108,"anto_manner","tbl_adverb_anto_manner","Antonymy - Manner"
14109,"anto_manner","tbl_adverb_anto_manner","Antonymy - Manner"
14109,"anto_manner","tbl_adverb_anto_manner","Antonymy - Manner"
14109,"anto_manner","tbl_adverb_anto_manner","Antonymy - Manner"
3641,"grad_state","tbl_adverb_grad_state","Gradation - State"
2785,"grad_time","tbl_adverb_grad_time","Gradation - Time"
3640,"grad_time","tbl_adverb_grad_time","Gradation - Time"
